date,tenor,yield_pct,source_status
2010-01-31,1Y,9.24,ASSUMPTION_PLACEHOLDER_SERIES
2010-01-31,2Y,9.5,ASSUMPTION_PLACEHOLDER_SERIES
2010-01-31,3Y,9.64,ASSUMPTION_PLACEHOLDER_SERIES
2010-01-31,5Y,9.92,ASSUMPTION_PLACEHOLDER_SERIES
2010-01-31,7Y,10.29,ASSUMPTION_PLACEHOLDER_SERIES
2010-01-31,10Y,10.43,ASSUMPTION_PLACEHOLDER_SERIES
2010-01-31,15Y,10.66,ASSUMPTION_PLACEHOLDER_SERIES
2010-02-28,1Y,9.2,ASSUMPTION_PLACEHOLDER_SERIES
2010-02-28,2Y,9.44,ASSUMPTION_PLACEHOLDER_SERIES
2010-02-28,3Y,9.67,ASSUMPTION_PLACEHOLDER_SERIES
2010-02-28,5Y,9.85,ASSUMPTION_PLACEHOLDER_SERIES
2010-02-28,7Y,10.24,ASSUMPTION_PLACEHOLDER_SERIES
2010-02-28,10Y,10.37,ASSUMPTION_PLACEHOLDER_SERIES
2010-02-28,15Y,10.68,ASSUMPTION_PLACEHOLDER_SERIES
2010-03-31,1Y,8.35,ASSUMPTION_PLACEHOLDER_SERIES
2010-03-31,2Y,8.46,ASSUMPTION_PLACEHOLDER_SERIES
2010-03-31,3Y,8.78,ASSUMPTION_PLACEHOLDER_SERIES
2010-03-31,5Y,9.01,ASSUMPTION_PLACEHOLDER_SERIES
2010-03-31,7Y,9.21,ASSUMPTION_PLACEHOLDER_SERIES
2010-03-31,10Y,9.48,ASSUMPTION_PLACEHOLDER_SERIES
2010-03-31,15Y,9.76,ASSUMPTION_PLACEHOLDER_SERIES
2010-04-30,1Y,8.91,ASSUMPTION_PLACEHOLDER_SERIES
2010-04-30,2Y,9.1,ASSUMPTION_PLACEHOLDER_SERIES
2010-04-30,3Y,9.29,ASSUMPTION_PLACEHOLDER_SERIES
2010-04-30,5Y,9.54,ASSUMPTION_PLACEHOLDER_SERIES
2010-04-30,7Y,9.8,ASSUMPTION_PLACEHOLDER_SERIES
2010-04-30,10Y,10.04,ASSUMPTION_PLACEHOLDER_SERIES
2010-04-30,15Y,10.35,ASSUMPTION_PLACEHOLDER_SERIES
2010-05-31,1Y,8.49,ASSUMPTION_PLACEHOLDER_SERIES
2010-05-31,2Y,8.67,ASSUMPTION_PLACEHOLDER_SERIES
2010-05-31,3Y,8.97,ASSUMPTION_PLACEHOLDER_SERIES
2010-05-31,5Y,9.22,ASSUMPTION_PLACEHOLDER_SERIES
2010-05-31,7Y,9.44,ASSUMPTION_PLACEHOLDER_SERIES
2010-05-31,10Y,9.71,ASSUMPTION_PLACEHOLDER_SERIES
2010-05-31,15Y,10.06,ASSUMPTION_PLACEHOLDER_SERIES
2010-06-30,1Y,8.8,ASSUMPTION_PLACEHOLDER_SERIES
2010-06-30,2Y,8.94,ASSUMPTION_PLACEHOLDER_SERIES
2010-06-30,3Y,9.23,ASSUMPTION_PLACEHOLDER_SERIES
2010-06-30,5Y,9.33,ASSUMPTION_PLACEHOLDER_SERIES
2010-06-30,7Y,9.77,ASSUMPTION_PLACEHOLDER_SERIES
2010-06-30,10Y,9.91,ASSUMPTION_PLACEHOLDER_SERIES
2010-06-30,15Y,10.27,ASSUMPTION_PLACEHOLDER_SERIES
2010-07-31,1Y,8.62,ASSUMPTION_PLACEHOLDER_SERIES
2010-07-31,2Y,8.89,ASSUMPTION_PLACEHOLDER_SERIES
2010-07-31,3Y,8.98,ASSUMPTION_PLACEHOLDER_SERIES
2010-07-31,5Y,9.32,ASSUMPTION_PLACEHOLDER_SERIES
2010-07-31,7Y,9.62,ASSUMPTION_PLACEHOLDER_SERIES
2010-07-31,10Y,9.79,ASSUMPTION_PLACEHOLDER_SERIES
2010-07-31,15Y,10.09,ASSUMPTION_PLACEHOLDER_SERIES
2010-08-31,1Y,8.99,ASSUMPTION_PLACEHOLDER_SERIES
2010-08-31,2Y,9.22,ASSUMPTION_PLACEHOLDER_SERIES
2010-08-31,3Y,9.45,ASSUMPTION_PLACEHOLDER_SERIES
2010-08-31,5Y,9.75,ASSUMPTION_PLACEHOLDER_SERIES
2010-08-31,7Y,9.97,ASSUMPTION_PLACEHOLDER_SERIES
2010-08-31,10Y,10.16,ASSUMPTION_PLACEHOLDER_SERIES
2010-08-31,15Y,10.44,ASSUMPTION_PLACEHOLDER_SERIES
2010-09-30,1Y,8.7,ASSUMPTION_PLACEHOLDER_SERIES
2010-09-30,2Y,8.93,ASSUMPTION_PLACEHOLDER_SERIES
2010-09-30,3Y,9.08,ASSUMPTION_PLACEHOLDER_SERIES
2010-09-30,5Y,9.32,ASSUMPTION_PLACEHOLDER_SERIES
2010-09-30,7Y,9.6,ASSUMPTION_PLACEHOLDER_SERIES
2010-09-30,10Y,9.82,ASSUMPTION_PLACEHOLDER_SERIES
2010-09-30,15Y,10.12,ASSUMPTION_PLACEHOLDER_SERIES
2010-10-31,1Y,8.62,ASSUMPTION_PLACEHOLDER_SERIES
2010-10-31,2Y,8.84,ASSUMPTION_PLACEHOLDER_SERIES
2010-10-31,3Y,9.05,ASSUMPTION_PLACEHOLDER_SERIES
2010-10-31,5Y,9.41,ASSUMPTION_PLACEHOLDER_SERIES
2010-10-31,7Y,9.63,ASSUMPTION_PLACEHOLDER_SERIES
2010-10-31,10Y,9.79,ASSUMPTION_PLACEHOLDER_SERIES
2010-10-31,15Y,10.08,ASSUMPTION_PLACEHOLDER_SERIES
2010-11-30,1Y,9.03,ASSUMPTION_PLACEHOLDER_SERIES
2010-11-30,2Y,9.17,ASSUMPTION_PLACEHOLDER_SERIES
2010-11-30,3Y,9.36,ASSUMPTION_PLACEHOLDER_SERIES
2010-11-30,5Y,9.77,ASSUMPTION_PLACEHOLDER_SERIES
2010-11-30,7Y,9.87,ASSUMPTION_PLACEHOLDER_SERIES
2010-11-30,10Y,10.11,ASSUMPTION_PLACEHOLDER_SERIES
2010-11-30,15Y,10.38,ASSUMPTION_PLACEHOLDER_SERIES
2010-12-31,1Y,8.61,ASSUMPTION_PLACEHOLDER_SERIES
2010-12-31,2Y,8.74,ASSUMPTION_PLACEHOLDER_SERIES
2010-12-31,3Y,9.11,ASSUMPTION_PLACEHOLDER_SERIES
2010-12-31,5Y,9.34,ASSUMPTION_PLACEHOLDER_SERIES
2010-12-31,7Y,9.5,ASSUMPTION_PLACEHOLDER_SERIES
2010-12-31,10Y,9.77,ASSUMPTION_PLACEHOLDER_SERIES
2010-12-31,15Y,10.09,ASSUMPTION_PLACEHOLDER_SERIES
2011-01-31,1Y,10.86,ASSUMPTION_PLACEHOLDER_SERIES
2011-01-31,2Y,11.15,ASSUMPTION_PLACEHOLDER_SERIES
2011-01-31,3Y,11.13,ASSUMPTION_PLACEHOLDER_SERIES
2011-01-31,5Y,11.4,ASSUMPTION_PLACEHOLDER_SERIES
2011-01-31,7Y,11.74,ASSUMPTION_PLACEHOLDER_SERIES
2011-01-31,10Y,11.95,ASSUMPTION_PLACEHOLDER_SERIES
2011-01-31,15Y,12.13,ASSUMPTION_PLACEHOLDER_SERIES
2011-02-28,1Y,11.01,ASSUMPTION_PLACEHOLDER_SERIES
2011-02-28,2Y,11.21,ASSUMPTION_PLACEHOLDER_SERIES
2011-02-28,3Y,11.49,ASSUMPTION_PLACEHOLDER_SERIES
2011-02-28,5Y,11.72,ASSUMPTION_PLACEHOLDER_SERIES
2011-02-28,7Y,12.02,ASSUMPTION_PLACEHOLDER_SERIES
2011-02-28,10Y,12.22,ASSUMPTION_PLACEHOLDER_SERIES
2011-02-28,15Y,12.43,ASSUMPTION_PLACEHOLDER_SERIES
2011-03-31,1Y,10.32,ASSUMPTION_PLACEHOLDER_SERIES
2011-03-31,2Y,10.56,ASSUMPTION_PLACEHOLDER_SERIES
2011-03-31,3Y,10.66,ASSUMPTION_PLACEHOLDER_SERIES
2011-03-31,5Y,10.96,ASSUMPTION_PLACEHOLDER_SERIES
2011-03-31,7Y,11.29,ASSUMPTION_PLACEHOLDER_SERIES
2011-03-31,10Y,11.46,ASSUMPTION_PLACEHOLDER_SERIES
2011-03-31,15Y,11.68,ASSUMPTION_PLACEHOLDER_SERIES
2011-04-30,1Y,10.47,ASSUMPTION_PLACEHOLDER_SERIES
2011-04-30,2Y,10.6,ASSUMPTION_PLACEHOLDER_SERIES
2011-04-30,3Y,10.87,ASSUMPTION_PLACEHOLDER_SERIES
2011-04-30,5Y,11.24,ASSUMPTION_PLACEHOLDER_SERIES
2011-04-30,7Y,11.45,ASSUMPTION_PLACEHOLDER_SERIES
2011-04-30,10Y,11.64,ASSUMPTION_PLACEHOLDER_SERIES
2011-04-30,15Y,11.94,ASSUMPTION_PLACEHOLDER_SERIES
2011-05-31,1Y,10.77,ASSUMPTION_PLACEHOLDER_SERIES
2011-05-31,2Y,11.02,ASSUMPTION_PLACEHOLDER_SERIES
2011-05-31,3Y,11.19,ASSUMPTION_PLACEHOLDER_SERIES
2011-05-31,5Y,11.52,ASSUMPTION_PLACEHOLDER_SERIES
2011-05-31,7Y,11.71,ASSUMPTION_PLACEHOLDER_SERIES
2011-05-31,10Y,11.94,ASSUMPTION_PLACEHOLDER_SERIES
2011-05-31,15Y,12.25,ASSUMPTION_PLACEHOLDER_SERIES
2011-06-30,1Y,10.95,ASSUMPTION_PLACEHOLDER_SERIES
2011-06-30,2Y,11.14,ASSUMPTION_PLACEHOLDER_SERIES
2011-06-30,3Y,11.48,ASSUMPTION_PLACEHOLDER_SERIES
2011-06-30,5Y,11.79,ASSUMPTION_PLACEHOLDER_SERIES
2011-06-30,7Y,11.91,ASSUMPTION_PLACEHOLDER_SERIES
2011-06-30,10Y,12.15,ASSUMPTION_PLACEHOLDER_SERIES
2011-06-30,15Y,12.44,ASSUMPTION_PLACEHOLDER_SERIES
2011-07-31,1Y,10.84,ASSUMPTION_PLACEHOLDER_SERIES
2011-07-31,2Y,11.06,ASSUMPTION_PLACEHOLDER_SERIES
2011-07-31,3Y,11.26,ASSUMPTION_PLACEHOLDER_SERIES
2011-07-31,5Y,11.59,ASSUMPTION_PLACEHOLDER_SERIES
2011-07-31,7Y,11.81,ASSUMPTION_PLACEHOLDER_SERIES
2011-07-31,10Y,12.0,ASSUMPTION_PLACEHOLDER_SERIES
2011-07-31,15Y,12.34,ASSUMPTION_PLACEHOLDER_SERIES
2011-08-31,1Y,11.21,ASSUMPTION_PLACEHOLDER_SERIES
2011-08-31,2Y,11.3,ASSUMPTION_PLACEHOLDER_SERIES
2011-08-31,3Y,11.58,ASSUMPTION_PLACEHOLDER_SERIES
2011-08-31,5Y,11.85,ASSUMPTION_PLACEHOLDER_SERIES
2011-08-31,7Y,12.1,ASSUMPTION_PLACEHOLDER_SERIES
2011-08-31,10Y,12.31,ASSUMPTION_PLACEHOLDER_SERIES
2011-08-31,15Y,12.7,ASSUMPTION_PLACEHOLDER_SERIES
2011-09-30,1Y,10.51,ASSUMPTION_PLACEHOLDER_SERIES
2011-09-30,2Y,10.61,ASSUMPTION_PLACEHOLDER_SERIES
2011-09-30,3Y,10.92,ASSUMPTION_PLACEHOLDER_SERIES
2011-09-30,5Y,11.09,ASSUMPTION_PLACEHOLDER_SERIES
2011-09-30,7Y,11.36,ASSUMPTION_PLACEHOLDER_SERIES
2011-09-30,10Y,11.62,ASSUMPTION_PLACEHOLDER_SERIES
2011-09-30,15Y,11.97,ASSUMPTION_PLACEHOLDER_SERIES
2011-10-31,1Y,10.86,ASSUMPTION_PLACEHOLDER_SERIES
2011-10-31,2Y,11.14,ASSUMPTION_PLACEHOLDER_SERIES
2011-10-31,3Y,11.29,ASSUMPTION_PLACEHOLDER_SERIES
2011-10-31,5Y,11.58,ASSUMPTION_PLACEHOLDER_SERIES
2011-10-31,7Y,11.9,ASSUMPTION_PLACEHOLDER_SERIES
2011-10-31,10Y,12.05,ASSUMPTION_PLACEHOLDER_SERIES
2011-10-31,15Y,12.43,ASSUMPTION_PLACEHOLDER_SERIES
2011-11-30,1Y,10.43,ASSUMPTION_PLACEHOLDER_SERIES
2011-11-30,2Y,10.78,ASSUMPTION_PLACEHOLDER_SERIES
2011-11-30,3Y,11.04,ASSUMPTION_PLACEHOLDER_SERIES
2011-11-30,5Y,11.17,ASSUMPTION_PLACEHOLDER_SERIES
2011-11-30,7Y,11.46,ASSUMPTION_PLACEHOLDER_SERIES
2011-11-30,10Y,11.71,ASSUMPTION_PLACEHOLDER_SERIES
2011-11-30,15Y,12.05,ASSUMPTION_PLACEHOLDER_SERIES
2011-12-31,1Y,10.4,ASSUMPTION_PLACEHOLDER_SERIES
2011-12-31,2Y,10.61,ASSUMPTION_PLACEHOLDER_SERIES
2011-12-31,3Y,10.74,ASSUMPTION_PLACEHOLDER_SERIES
2011-12-31,5Y,11.05,ASSUMPTION_PLACEHOLDER_SERIES
2011-12-31,7Y,11.3,ASSUMPTION_PLACEHOLDER_SERIES
2011-12-31,10Y,11.52,ASSUMPTION_PLACEHOLDER_SERIES
2011-12-31,15Y,11.85,ASSUMPTION_PLACEHOLDER_SERIES
2012-01-31,1Y,8.28,ASSUMPTION_PLACEHOLDER_SERIES
2012-01-31,2Y,8.48,ASSUMPTION_PLACEHOLDER_SERIES
2012-01-31,3Y,8.65,ASSUMPTION_PLACEHOLDER_SERIES
2012-01-31,5Y,8.95,ASSUMPTION_PLACEHOLDER_SERIES
2012-01-31,7Y,9.14,ASSUMPTION_PLACEHOLDER_SERIES
2012-01-31,10Y,9.42,ASSUMPTION_PLACEHOLDER_SERIES
2012-01-31,15Y,9.76,ASSUMPTION_PLACEHOLDER_SERIES
2012-02-29,1Y,8.1,ASSUMPTION_PLACEHOLDER_SERIES
2012-02-29,2Y,8.31,ASSUMPTION_PLACEHOLDER_SERIES
2012-02-29,3Y,8.45,ASSUMPTION_PLACEHOLDER_SERIES
2012-02-29,5Y,8.82,ASSUMPTION_PLACEHOLDER_SERIES
2012-02-29,7Y,9.04,ASSUMPTION_PLACEHOLDER_SERIES
2012-02-29,10Y,9.23,ASSUMPTION_PLACEHOLDER_SERIES
2012-02-29,15Y,9.55,ASSUMPTION_PLACEHOLDER_SERIES
2012-03-31,1Y,7.46,ASSUMPTION_PLACEHOLDER_SERIES
2012-03-31,2Y,7.59,ASSUMPTION_PLACEHOLDER_SERIES
2012-03-31,3Y,7.88,ASSUMPTION_PLACEHOLDER_SERIES
2012-03-31,5Y,8.17,ASSUMPTION_PLACEHOLDER_SERIES
2012-03-31,7Y,8.44,ASSUMPTION_PLACEHOLDER_SERIES
2012-03-31,10Y,8.63,ASSUMPTION_PLACEHOLDER_SERIES
2012-03-31,15Y,8.99,ASSUMPTION_PLACEHOLDER_SERIES
2012-04-30,1Y,8.03,ASSUMPTION_PLACEHOLDER_SERIES
2012-04-30,2Y,8.32,ASSUMPTION_PLACEHOLDER_SERIES
2012-04-30,3Y,8.45,ASSUMPTION_PLACEHOLDER_SERIES
2012-04-30,5Y,8.79,ASSUMPTION_PLACEHOLDER_SERIES
2012-04-30,7Y,9.05,ASSUMPTION_PLACEHOLDER_SERIES
2012-04-30,10Y,9.22,ASSUMPTION_PLACEHOLDER_SERIES
2012-04-30,15Y,9.48,ASSUMPTION_PLACEHOLDER_SERIES
2012-05-31,1Y,8.44,ASSUMPTION_PLACEHOLDER_SERIES
2012-05-31,2Y,8.63,ASSUMPTION_PLACEHOLDER_SERIES
2012-05-31,3Y,8.87,ASSUMPTION_PLACEHOLDER_SERIES
2012-05-31,5Y,9.16,ASSUMPTION_PLACEHOLDER_SERIES
2012-05-31,7Y,9.34,ASSUMPTION_PLACEHOLDER_SERIES
2012-05-31,10Y,9.63,ASSUMPTION_PLACEHOLDER_SERIES
2012-05-31,15Y,9.96,ASSUMPTION_PLACEHOLDER_SERIES
2012-06-30,1Y,8.42,ASSUMPTION_PLACEHOLDER_SERIES
2012-06-30,2Y,8.64,ASSUMPTION_PLACEHOLDER_SERIES
2012-06-30,3Y,8.86,ASSUMPTION_PLACEHOLDER_SERIES
2012-06-30,5Y,9.06,ASSUMPTION_PLACEHOLDER_SERIES
2012-06-30,7Y,9.36,ASSUMPTION_PLACEHOLDER_SERIES
2012-06-30,10Y,9.56,ASSUMPTION_PLACEHOLDER_SERIES
2012-06-30,15Y,9.97,ASSUMPTION_PLACEHOLDER_SERIES
2012-07-31,1Y,8.14,ASSUMPTION_PLACEHOLDER_SERIES
2012-07-31,2Y,8.39,ASSUMPTION_PLACEHOLDER_SERIES
2012-07-31,3Y,8.58,ASSUMPTION_PLACEHOLDER_SERIES
2012-07-31,5Y,8.84,ASSUMPTION_PLACEHOLDER_SERIES
2012-07-31,7Y,9.19,ASSUMPTION_PLACEHOLDER_SERIES
2012-07-31,10Y,9.33,ASSUMPTION_PLACEHOLDER_SERIES
2012-07-31,15Y,9.64,ASSUMPTION_PLACEHOLDER_SERIES
2012-08-31,1Y,8.71,ASSUMPTION_PLACEHOLDER_SERIES
2012-08-31,2Y,9.06,ASSUMPTION_PLACEHOLDER_SERIES
2012-08-31,3Y,9.23,ASSUMPTION_PLACEHOLDER_SERIES
2012-08-31,5Y,9.42,ASSUMPTION_PLACEHOLDER_SERIES
2012-08-31,7Y,9.66,ASSUMPTION_PLACEHOLDER_SERIES
2012-08-31,10Y,9.89,ASSUMPTION_PLACEHOLDER_SERIES
2012-08-31,15Y,10.33,ASSUMPTION_PLACEHOLDER_SERIES
2012-09-30,1Y,8.0,ASSUMPTION_PLACEHOLDER_SERIES
2012-09-30,2Y,8.13,ASSUMPTION_PLACEHOLDER_SERIES
2012-09-30,3Y,8.32,ASSUMPTION_PLACEHOLDER_SERIES
2012-09-30,5Y,8.6,ASSUMPTION_PLACEHOLDER_SERIES
2012-09-30,7Y,8.8,ASSUMPTION_PLACEHOLDER_SERIES
2012-09-30,10Y,9.1,ASSUMPTION_PLACEHOLDER_SERIES
2012-09-30,15Y,9.44,ASSUMPTION_PLACEHOLDER_SERIES
2012-10-31,1Y,8.56,ASSUMPTION_PLACEHOLDER_SERIES
2012-10-31,2Y,8.75,ASSUMPTION_PLACEHOLDER_SERIES
2012-10-31,3Y,8.96,ASSUMPTION_PLACEHOLDER_SERIES
2012-10-31,5Y,9.21,ASSUMPTION_PLACEHOLDER_SERIES
2012-10-31,7Y,9.5,ASSUMPTION_PLACEHOLDER_SERIES
2012-10-31,10Y,9.71,ASSUMPTION_PLACEHOLDER_SERIES
2012-10-31,15Y,9.97,ASSUMPTION_PLACEHOLDER_SERIES
2012-11-30,1Y,8.18,ASSUMPTION_PLACEHOLDER_SERIES
2012-11-30,2Y,8.33,ASSUMPTION_PLACEHOLDER_SERIES
2012-11-30,3Y,8.56,ASSUMPTION_PLACEHOLDER_SERIES
2012-11-30,5Y,8.92,ASSUMPTION_PLACEHOLDER_SERIES
2012-11-30,7Y,9.12,ASSUMPTION_PLACEHOLDER_SERIES
2012-11-30,10Y,9.34,ASSUMPTION_PLACEHOLDER_SERIES
2012-11-30,15Y,9.54,ASSUMPTION_PLACEHOLDER_SERIES
2012-12-31,1Y,8.21,ASSUMPTION_PLACEHOLDER_SERIES
2012-12-31,2Y,8.39,ASSUMPTION_PLACEHOLDER_SERIES
2012-12-31,3Y,8.62,ASSUMPTION_PLACEHOLDER_SERIES
2012-12-31,5Y,8.94,ASSUMPTION_PLACEHOLDER_SERIES
2012-12-31,7Y,9.14,ASSUMPTION_PLACEHOLDER_SERIES
2012-12-31,10Y,9.39,ASSUMPTION_PLACEHOLDER_SERIES
2012-12-31,15Y,9.73,ASSUMPTION_PLACEHOLDER_SERIES
2013-01-31,1Y,7.12,ASSUMPTION_PLACEHOLDER_SERIES
2013-01-31,2Y,7.36,ASSUMPTION_PLACEHOLDER_SERIES
2013-01-31,3Y,7.56,ASSUMPTION_PLACEHOLDER_SERIES
2013-01-31,5Y,7.82,ASSUMPTION_PLACEHOLDER_SERIES
2013-01-31,7Y,8.1,ASSUMPTION_PLACEHOLDER_SERIES
2013-01-31,10Y,8.29,ASSUMPTION_PLACEHOLDER_SERIES
2013-01-31,15Y,8.67,ASSUMPTION_PLACEHOLDER_SERIES
2013-02-28,1Y,7.51,ASSUMPTION_PLACEHOLDER_SERIES
2013-02-28,2Y,7.75,ASSUMPTION_PLACEHOLDER_SERIES
2013-02-28,3Y,7.89,ASSUMPTION_PLACEHOLDER_SERIES
2013-02-28,5Y,8.27,ASSUMPTION_PLACEHOLDER_SERIES
2013-02-28,7Y,8.38,ASSUMPTION_PLACEHOLDER_SERIES
2013-02-28,10Y,8.69,ASSUMPTION_PLACEHOLDER_SERIES
2013-02-28,15Y,9.01,ASSUMPTION_PLACEHOLDER_SERIES
2013-03-31,1Y,6.75,ASSUMPTION_PLACEHOLDER_SERIES
2013-03-31,2Y,6.98,ASSUMPTION_PLACEHOLDER_SERIES
2013-03-31,3Y,7.21,ASSUMPTION_PLACEHOLDER_SERIES
2013-03-31,5Y,7.45,ASSUMPTION_PLACEHOLDER_SERIES
2013-03-31,7Y,7.6,ASSUMPTION_PLACEHOLDER_SERIES
2013-03-31,10Y,7.88,ASSUMPTION_PLACEHOLDER_SERIES
2013-03-31,15Y,8.17,ASSUMPTION_PLACEHOLDER_SERIES
2013-04-30,1Y,7.08,ASSUMPTION_PLACEHOLDER_SERIES
2013-04-30,2Y,7.22,ASSUMPTION_PLACEHOLDER_SERIES
2013-04-30,3Y,7.41,ASSUMPTION_PLACEHOLDER_SERIES
2013-04-30,5Y,7.65,ASSUMPTION_PLACEHOLDER_SERIES
2013-04-30,7Y,7.94,ASSUMPTION_PLACEHOLDER_SERIES
2013-04-30,10Y,8.16,ASSUMPTION_PLACEHOLDER_SERIES
2013-04-30,15Y,8.49,ASSUMPTION_PLACEHOLDER_SERIES
2013-05-31,1Y,7.24,ASSUMPTION_PLACEHOLDER_SERIES
2013-05-31,2Y,7.49,ASSUMPTION_PLACEHOLDER_SERIES
2013-05-31,3Y,7.64,ASSUMPTION_PLACEHOLDER_SERIES
2013-05-31,5Y,8.04,ASSUMPTION_PLACEHOLDER_SERIES
2013-05-31,7Y,8.26,ASSUMPTION_PLACEHOLDER_SERIES
2013-05-31,10Y,8.4,ASSUMPTION_PLACEHOLDER_SERIES
2013-05-31,15Y,8.72,ASSUMPTION_PLACEHOLDER_SERIES
2013-06-30,1Y,7.25,ASSUMPTION_PLACEHOLDER_SERIES
2013-06-30,2Y,7.38,ASSUMPTION_PLACEHOLDER_SERIES
2013-06-30,3Y,7.68,ASSUMPTION_PLACEHOLDER_SERIES
2013-06-30,5Y,7.97,ASSUMPTION_PLACEHOLDER_SERIES
2013-06-30,7Y,8.15,ASSUMPTION_PLACEHOLDER_SERIES
2013-06-30,10Y,8.37,ASSUMPTION_PLACEHOLDER_SERIES
2013-06-30,15Y,8.68,ASSUMPTION_PLACEHOLDER_SERIES
2013-07-31,1Y,6.84,ASSUMPTION_PLACEHOLDER_SERIES
2013-07-31,2Y,6.99,ASSUMPTION_PLACEHOLDER_SERIES
2013-07-31,3Y,7.11,ASSUMPTION_PLACEHOLDER_SERIES
2013-07-31,5Y,7.57,ASSUMPTION_PLACEHOLDER_SERIES
2013-07-31,7Y,7.66,ASSUMPTION_PLACEHOLDER_SERIES
2013-07-31,10Y,7.95,ASSUMPTION_PLACEHOLDER_SERIES
2013-07-31,15Y,8.37,ASSUMPTION_PLACEHOLDER_SERIES
2013-08-31,1Y,6.79,ASSUMPTION_PLACEHOLDER_SERIES
2013-08-31,2Y,7.08,ASSUMPTION_PLACEHOLDER_SERIES
2013-08-31,3Y,7.34,ASSUMPTION_PLACEHOLDER_SERIES
2013-08-31,5Y,7.62,ASSUMPTION_PLACEHOLDER_SERIES
2013-08-31,7Y,7.85,ASSUMPTION_PLACEHOLDER_SERIES
2013-08-31,10Y,8.02,ASSUMPTION_PLACEHOLDER_SERIES
2013-08-31,15Y,8.36,ASSUMPTION_PLACEHOLDER_SERIES
2013-09-30,1Y,6.86,ASSUMPTION_PLACEHOLDER_SERIES
2013-09-30,2Y,7.06,ASSUMPTION_PLACEHOLDER_SERIES
2013-09-30,3Y,7.28,ASSUMPTION_PLACEHOLDER_SERIES
2013-09-30,5Y,7.51,ASSUMPTION_PLACEHOLDER_SERIES
2013-09-30,7Y,7.82,ASSUMPTION_PLACEHOLDER_SERIES
2013-09-30,10Y,8.01,ASSUMPTION_PLACEHOLDER_SERIES
2013-09-30,15Y,8.22,ASSUMPTION_PLACEHOLDER_SERIES
2013-10-31,1Y,7.05,ASSUMPTION_PLACEHOLDER_SERIES
2013-10-31,2Y,7.21,ASSUMPTION_PLACEHOLDER_SERIES
2013-10-31,3Y,7.38,ASSUMPTION_PLACEHOLDER_SERIES
2013-10-31,5Y,7.71,ASSUMPTION_PLACEHOLDER_SERIES
2013-10-31,7Y,7.94,ASSUMPTION_PLACEHOLDER_SERIES
2013-10-31,10Y,8.2,ASSUMPTION_PLACEHOLDER_SERIES
2013-10-31,15Y,8.5,ASSUMPTION_PLACEHOLDER_SERIES
2013-11-30,1Y,7.43,ASSUMPTION_PLACEHOLDER_SERIES
2013-11-30,2Y,7.61,ASSUMPTION_PLACEHOLDER_SERIES
2013-11-30,3Y,7.82,ASSUMPTION_PLACEHOLDER_SERIES
2013-11-30,5Y,8.09,ASSUMPTION_PLACEHOLDER_SERIES
2013-11-30,7Y,8.37,ASSUMPTION_PLACEHOLDER_SERIES
2013-11-30,10Y,8.54,ASSUMPTION_PLACEHOLDER_SERIES
2013-11-30,15Y,8.75,ASSUMPTION_PLACEHOLDER_SERIES
2013-12-31,1Y,6.84,ASSUMPTION_PLACEHOLDER_SERIES
2013-12-31,2Y,7.06,ASSUMPTION_PLACEHOLDER_SERIES
2013-12-31,3Y,7.21,ASSUMPTION_PLACEHOLDER_SERIES
2013-12-31,5Y,7.54,ASSUMPTION_PLACEHOLDER_SERIES
2013-12-31,7Y,7.72,ASSUMPTION_PLACEHOLDER_SERIES
2013-12-31,10Y,7.96,ASSUMPTION_PLACEHOLDER_SERIES
2013-12-31,15Y,8.25,ASSUMPTION_PLACEHOLDER_SERIES
2014-01-31,1Y,5.8,ASSUMPTION_PLACEHOLDER_SERIES
2014-01-31,2Y,5.91,ASSUMPTION_PLACEHOLDER_SERIES
2014-01-31,3Y,6.04,ASSUMPTION_PLACEHOLDER_SERIES
2014-01-31,5Y,6.46,ASSUMPTION_PLACEHOLDER_SERIES
2014-01-31,7Y,6.63,ASSUMPTION_PLACEHOLDER_SERIES
2014-01-31,10Y,6.85,ASSUMPTION_PLACEHOLDER_SERIES
2014-01-31,15Y,7.2,ASSUMPTION_PLACEHOLDER_SERIES
2014-02-28,1Y,5.61,ASSUMPTION_PLACEHOLDER_SERIES
2014-02-28,2Y,5.65,ASSUMPTION_PLACEHOLDER_SERIES
2014-02-28,3Y,6.0,ASSUMPTION_PLACEHOLDER_SERIES
2014-02-28,5Y,6.42,ASSUMPTION_PLACEHOLDER_SERIES
2014-02-28,7Y,6.59,ASSUMPTION_PLACEHOLDER_SERIES
2014-02-28,10Y,6.74,ASSUMPTION_PLACEHOLDER_SERIES
2014-02-28,15Y,7.1,ASSUMPTION_PLACEHOLDER_SERIES
2014-03-31,1Y,5.52,ASSUMPTION_PLACEHOLDER_SERIES
2014-03-31,2Y,5.67,ASSUMPTION_PLACEHOLDER_SERIES
2014-03-31,3Y,5.81,ASSUMPTION_PLACEHOLDER_SERIES
2014-03-31,5Y,6.07,ASSUMPTION_PLACEHOLDER_SERIES
2014-03-31,7Y,6.33,ASSUMPTION_PLACEHOLDER_SERIES
2014-03-31,10Y,6.56,ASSUMPTION_PLACEHOLDER_SERIES
2014-03-31,15Y,6.81,ASSUMPTION_PLACEHOLDER_SERIES
2014-04-30,1Y,5.68,ASSUMPTION_PLACEHOLDER_SERIES
2014-04-30,2Y,5.86,ASSUMPTION_PLACEHOLDER_SERIES
2014-04-30,3Y,6.16,ASSUMPTION_PLACEHOLDER_SERIES
2014-04-30,5Y,6.49,ASSUMPTION_PLACEHOLDER_SERIES
2014-04-30,7Y,6.68,ASSUMPTION_PLACEHOLDER_SERIES
2014-04-30,10Y,6.86,ASSUMPTION_PLACEHOLDER_SERIES
2014-04-30,15Y,7.23,ASSUMPTION_PLACEHOLDER_SERIES
2014-05-31,1Y,5.66,ASSUMPTION_PLACEHOLDER_SERIES
2014-05-31,2Y,5.79,ASSUMPTION_PLACEHOLDER_SERIES
2014-05-31,3Y,6.03,ASSUMPTION_PLACEHOLDER_SERIES
2014-05-31,5Y,6.3,ASSUMPTION_PLACEHOLDER_SERIES
2014-05-31,7Y,6.59,ASSUMPTION_PLACEHOLDER_SERIES
2014-05-31,10Y,6.77,ASSUMPTION_PLACEHOLDER_SERIES
2014-05-31,15Y,7.14,ASSUMPTION_PLACEHOLDER_SERIES
2014-06-30,1Y,5.39,ASSUMPTION_PLACEHOLDER_SERIES
2014-06-30,2Y,5.74,ASSUMPTION_PLACEHOLDER_SERIES
2014-06-30,3Y,5.82,ASSUMPTION_PLACEHOLDER_SERIES
2014-06-30,5Y,6.16,ASSUMPTION_PLACEHOLDER_SERIES
2014-06-30,7Y,6.35,ASSUMPTION_PLACEHOLDER_SERIES
2014-06-30,10Y,6.58,ASSUMPTION_PLACEHOLDER_SERIES
2014-06-30,15Y,6.93,ASSUMPTION_PLACEHOLDER_SERIES
2014-07-31,1Y,5.52,ASSUMPTION_PLACEHOLDER_SERIES
2014-07-31,2Y,5.73,ASSUMPTION_PLACEHOLDER_SERIES
2014-07-31,3Y,5.99,ASSUMPTION_PLACEHOLDER_SERIES
2014-07-31,5Y,6.32,ASSUMPTION_PLACEHOLDER_SERIES
2014-07-31,7Y,6.56,ASSUMPTION_PLACEHOLDER_SERIES
2014-07-31,10Y,6.74,ASSUMPTION_PLACEHOLDER_SERIES
2014-07-31,15Y,7.07,ASSUMPTION_PLACEHOLDER_SERIES
2014-08-31,1Y,5.82,ASSUMPTION_PLACEHOLDER_SERIES
2014-08-31,2Y,6.0,ASSUMPTION_PLACEHOLDER_SERIES
2014-08-31,3Y,6.17,ASSUMPTION_PLACEHOLDER_SERIES
2014-08-31,5Y,6.58,ASSUMPTION_PLACEHOLDER_SERIES
2014-08-31,7Y,6.74,ASSUMPTION_PLACEHOLDER_SERIES
2014-08-31,10Y,6.98,ASSUMPTION_PLACEHOLDER_SERIES
2014-08-31,15Y,7.43,ASSUMPTION_PLACEHOLDER_SERIES
2014-09-30,1Y,5.31,ASSUMPTION_PLACEHOLDER_SERIES
2014-09-30,2Y,5.48,ASSUMPTION_PLACEHOLDER_SERIES
2014-09-30,3Y,5.68,ASSUMPTION_PLACEHOLDER_SERIES
2014-09-30,5Y,6.03,ASSUMPTION_PLACEHOLDER_SERIES
2014-09-30,7Y,6.28,ASSUMPTION_PLACEHOLDER_SERIES
2014-09-30,10Y,6.47,ASSUMPTION_PLACEHOLDER_SERIES
2014-09-30,15Y,6.9,ASSUMPTION_PLACEHOLDER_SERIES
2014-10-31,1Y,6.15,ASSUMPTION_PLACEHOLDER_SERIES
2014-10-31,2Y,6.21,ASSUMPTION_PLACEHOLDER_SERIES
2014-10-31,3Y,6.44,ASSUMPTION_PLACEHOLDER_SERIES
2014-10-31,5Y,6.66,ASSUMPTION_PLACEHOLDER_SERIES
2014-10-31,7Y,6.85,ASSUMPTION_PLACEHOLDER_SERIES
2014-10-31,10Y,7.18,ASSUMPTION_PLACEHOLDER_SERIES
2014-10-31,15Y,7.47,ASSUMPTION_PLACEHOLDER_SERIES
2014-11-30,1Y,5.56,ASSUMPTION_PLACEHOLDER_SERIES
2014-11-30,2Y,5.68,ASSUMPTION_PLACEHOLDER_SERIES
2014-11-30,3Y,5.85,ASSUMPTION_PLACEHOLDER_SERIES
2014-11-30,5Y,6.21,ASSUMPTION_PLACEHOLDER_SERIES
2014-11-30,7Y,6.46,ASSUMPTION_PLACEHOLDER_SERIES
2014-11-30,10Y,6.63,ASSUMPTION_PLACEHOLDER_SERIES
2014-11-30,15Y,6.87,ASSUMPTION_PLACEHOLDER_SERIES
2014-12-31,1Y,5.36,ASSUMPTION_PLACEHOLDER_SERIES
2014-12-31,2Y,5.61,ASSUMPTION_PLACEHOLDER_SERIES
2014-12-31,3Y,5.81,ASSUMPTION_PLACEHOLDER_SERIES
2014-12-31,5Y,6.07,ASSUMPTION_PLACEHOLDER_SERIES
2014-12-31,7Y,6.4,ASSUMPTION_PLACEHOLDER_SERIES
2014-12-31,10Y,6.55,ASSUMPTION_PLACEHOLDER_SERIES
2014-12-31,15Y,6.97,ASSUMPTION_PLACEHOLDER_SERIES
2015-01-31,1Y,4.87,ASSUMPTION_PLACEHOLDER_SERIES
2015-01-31,2Y,5.1,ASSUMPTION_PLACEHOLDER_SERIES
2015-01-31,3Y,5.29,ASSUMPTION_PLACEHOLDER_SERIES
2015-01-31,5Y,5.66,ASSUMPTION_PLACEHOLDER_SERIES
2015-01-31,7Y,5.77,ASSUMPTION_PLACEHOLDER_SERIES
2015-01-31,10Y,6.06,ASSUMPTION_PLACEHOLDER_SERIES
2015-01-31,15Y,6.45,ASSUMPTION_PLACEHOLDER_SERIES
2015-02-28,1Y,5.28,ASSUMPTION_PLACEHOLDER_SERIES
2015-02-28,2Y,5.38,ASSUMPTION_PLACEHOLDER_SERIES
2015-02-28,3Y,5.58,ASSUMPTION_PLACEHOLDER_SERIES
2015-02-28,5Y,5.96,ASSUMPTION_PLACEHOLDER_SERIES
2015-02-28,7Y,6.16,ASSUMPTION_PLACEHOLDER_SERIES
2015-02-28,10Y,6.39,ASSUMPTION_PLACEHOLDER_SERIES
2015-02-28,15Y,6.73,ASSUMPTION_PLACEHOLDER_SERIES
2015-03-31,1Y,5.39,ASSUMPTION_PLACEHOLDER_SERIES
2015-03-31,2Y,5.71,ASSUMPTION_PLACEHOLDER_SERIES
2015-03-31,3Y,5.87,ASSUMPTION_PLACEHOLDER_SERIES
2015-03-31,5Y,6.22,ASSUMPTION_PLACEHOLDER_SERIES
2015-03-31,7Y,6.29,ASSUMPTION_PLACEHOLDER_SERIES
2015-03-31,10Y,6.56,ASSUMPTION_PLACEHOLDER_SERIES
2015-03-31,15Y,6.96,ASSUMPTION_PLACEHOLDER_SERIES
2015-04-30,1Y,5.33,ASSUMPTION_PLACEHOLDER_SERIES
2015-04-30,2Y,5.54,ASSUMPTION_PLACEHOLDER_SERIES
2015-04-30,3Y,5.72,ASSUMPTION_PLACEHOLDER_SERIES
2015-04-30,5Y,6.05,ASSUMPTION_PLACEHOLDER_SERIES
2015-04-30,7Y,6.22,ASSUMPTION_PLACEHOLDER_SERIES
2015-04-30,10Y,6.51,ASSUMPTION_PLACEHOLDER_SERIES
2015-04-30,15Y,6.78,ASSUMPTION_PLACEHOLDER_SERIES
2015-05-31,1Y,4.84,ASSUMPTION_PLACEHOLDER_SERIES
2015-05-31,2Y,5.0,ASSUMPTION_PLACEHOLDER_SERIES
2015-05-31,3Y,5.24,ASSUMPTION_PLACEHOLDER_SERIES
2015-05-31,5Y,5.52,ASSUMPTION_PLACEHOLDER_SERIES
2015-05-31,7Y,5.81,ASSUMPTION_PLACEHOLDER_SERIES
2015-05-31,10Y,5.97,ASSUMPTION_PLACEHOLDER_SERIES
2015-05-31,15Y,6.26,ASSUMPTION_PLACEHOLDER_SERIES
2015-06-30,1Y,5.16,ASSUMPTION_PLACEHOLDER_SERIES
2015-06-30,2Y,5.32,ASSUMPTION_PLACEHOLDER_SERIES
2015-06-30,3Y,5.64,ASSUMPTION_PLACEHOLDER_SERIES
2015-06-30,5Y,5.81,ASSUMPTION_PLACEHOLDER_SERIES
2015-06-30,7Y,6.07,ASSUMPTION_PLACEHOLDER_SERIES
2015-06-30,10Y,6.28,ASSUMPTION_PLACEHOLDER_SERIES
2015-06-30,15Y,6.67,ASSUMPTION_PLACEHOLDER_SERIES
2015-07-31,1Y,4.96,ASSUMPTION_PLACEHOLDER_SERIES
2015-07-31,2Y,5.19,ASSUMPTION_PLACEHOLDER_SERIES
2015-07-31,3Y,5.47,ASSUMPTION_PLACEHOLDER_SERIES
2015-07-31,5Y,5.69,ASSUMPTION_PLACEHOLDER_SERIES
2015-07-31,7Y,5.87,ASSUMPTION_PLACEHOLDER_SERIES
2015-07-31,10Y,6.15,ASSUMPTION_PLACEHOLDER_SERIES
2015-07-31,15Y,6.48,ASSUMPTION_PLACEHOLDER_SERIES
2015-08-31,1Y,4.85,ASSUMPTION_PLACEHOLDER_SERIES
2015-08-31,2Y,4.94,ASSUMPTION_PLACEHOLDER_SERIES
2015-08-31,3Y,5.23,ASSUMPTION_PLACEHOLDER_SERIES
2015-08-31,5Y,5.48,ASSUMPTION_PLACEHOLDER_SERIES
2015-08-31,7Y,5.67,ASSUMPTION_PLACEHOLDER_SERIES
2015-08-31,10Y,5.95,ASSUMPTION_PLACEHOLDER_SERIES
2015-08-31,15Y,6.24,ASSUMPTION_PLACEHOLDER_SERIES
2015-09-30,1Y,4.88,ASSUMPTION_PLACEHOLDER_SERIES
2015-09-30,2Y,5.06,ASSUMPTION_PLACEHOLDER_SERIES
2015-09-30,3Y,5.28,ASSUMPTION_PLACEHOLDER_SERIES
2015-09-30,5Y,5.65,ASSUMPTION_PLACEHOLDER_SERIES
2015-09-30,7Y,5.76,ASSUMPTION_PLACEHOLDER_SERIES
2015-09-30,10Y,5.99,ASSUMPTION_PLACEHOLDER_SERIES
2015-09-30,15Y,6.27,ASSUMPTION_PLACEHOLDER_SERIES
2015-10-31,1Y,5.15,ASSUMPTION_PLACEHOLDER_SERIES
2015-10-31,2Y,5.3,ASSUMPTION_PLACEHOLDER_SERIES
2015-10-31,3Y,5.53,ASSUMPTION_PLACEHOLDER_SERIES
2015-10-31,5Y,5.82,ASSUMPTION_PLACEHOLDER_SERIES
2015-10-31,7Y,6.13,ASSUMPTION_PLACEHOLDER_SERIES
2015-10-31,10Y,6.27,ASSUMPTION_PLACEHOLDER_SERIES
2015-10-31,15Y,6.53,ASSUMPTION_PLACEHOLDER_SERIES
2015-11-30,1Y,5.07,ASSUMPTION_PLACEHOLDER_SERIES
2015-11-30,2Y,5.21,ASSUMPTION_PLACEHOLDER_SERIES
2015-11-30,3Y,5.44,ASSUMPTION_PLACEHOLDER_SERIES
2015-11-30,5Y,5.74,ASSUMPTION_PLACEHOLDER_SERIES
2015-11-30,7Y,5.92,ASSUMPTION_PLACEHOLDER_SERIES
2015-11-30,10Y,6.2,ASSUMPTION_PLACEHOLDER_SERIES
2015-11-30,15Y,6.48,ASSUMPTION_PLACEHOLDER_SERIES
2015-12-31,1Y,4.84,ASSUMPTION_PLACEHOLDER_SERIES
2015-12-31,2Y,5.19,ASSUMPTION_PLACEHOLDER_SERIES
2015-12-31,3Y,5.08,ASSUMPTION_PLACEHOLDER_SERIES
2015-12-31,5Y,5.54,ASSUMPTION_PLACEHOLDER_SERIES
2015-12-31,7Y,5.83,ASSUMPTION_PLACEHOLDER_SERIES
2015-12-31,10Y,6.0,ASSUMPTION_PLACEHOLDER_SERIES
2015-12-31,15Y,6.27,ASSUMPTION_PLACEHOLDER_SERIES
2016-01-31,1Y,4.57,ASSUMPTION_PLACEHOLDER_SERIES
2016-01-31,2Y,4.7,ASSUMPTION_PLACEHOLDER_SERIES
2016-01-31,3Y,4.9,ASSUMPTION_PLACEHOLDER_SERIES
2016-01-31,5Y,5.23,ASSUMPTION_PLACEHOLDER_SERIES
2016-01-31,7Y,5.51,ASSUMPTION_PLACEHOLDER_SERIES
2016-01-31,10Y,5.68,ASSUMPTION_PLACEHOLDER_SERIES
2016-01-31,15Y,5.99,ASSUMPTION_PLACEHOLDER_SERIES
2016-02-29,1Y,5.02,ASSUMPTION_PLACEHOLDER_SERIES
2016-02-29,2Y,5.3,ASSUMPTION_PLACEHOLDER_SERIES
2016-02-29,3Y,5.53,ASSUMPTION_PLACEHOLDER_SERIES
2016-02-29,5Y,5.83,ASSUMPTION_PLACEHOLDER_SERIES
2016-02-29,7Y,6.04,ASSUMPTION_PLACEHOLDER_SERIES
2016-02-29,10Y,6.29,ASSUMPTION_PLACEHOLDER_SERIES
2016-02-29,15Y,6.58,ASSUMPTION_PLACEHOLDER_SERIES
2016-03-31,1Y,4.77,ASSUMPTION_PLACEHOLDER_SERIES
2016-03-31,2Y,4.89,ASSUMPTION_PLACEHOLDER_SERIES
2016-03-31,3Y,5.11,ASSUMPTION_PLACEHOLDER_SERIES
2016-03-31,5Y,5.57,ASSUMPTION_PLACEHOLDER_SERIES
2016-03-31,7Y,5.83,ASSUMPTION_PLACEHOLDER_SERIES
2016-03-31,10Y,5.95,ASSUMPTION_PLACEHOLDER_SERIES
2016-03-31,15Y,6.25,ASSUMPTION_PLACEHOLDER_SERIES
2016-04-30,1Y,4.63,ASSUMPTION_PLACEHOLDER_SERIES
2016-04-30,2Y,4.81,ASSUMPTION_PLACEHOLDER_SERIES
2016-04-30,3Y,5.1,ASSUMPTION_PLACEHOLDER_SERIES
2016-04-30,5Y,5.32,ASSUMPTION_PLACEHOLDER_SERIES
2016-04-30,7Y,5.6,ASSUMPTION_PLACEHOLDER_SERIES
2016-04-30,10Y,5.78,ASSUMPTION_PLACEHOLDER_SERIES
2016-04-30,15Y,6.26,ASSUMPTION_PLACEHOLDER_SERIES
2016-05-31,1Y,5.0,ASSUMPTION_PLACEHOLDER_SERIES
2016-05-31,2Y,5.17,ASSUMPTION_PLACEHOLDER_SERIES
2016-05-31,3Y,5.46,ASSUMPTION_PLACEHOLDER_SERIES
2016-05-31,5Y,5.68,ASSUMPTION_PLACEHOLDER_SERIES
2016-05-31,7Y,5.86,ASSUMPTION_PLACEHOLDER_SERIES
2016-05-31,10Y,6.1,ASSUMPTION_PLACEHOLDER_SERIES
2016-05-31,15Y,6.44,ASSUMPTION_PLACEHOLDER_SERIES
2016-06-30,1Y,5.31,ASSUMPTION_PLACEHOLDER_SERIES
2016-06-30,2Y,5.39,ASSUMPTION_PLACEHOLDER_SERIES
2016-06-30,3Y,5.53,ASSUMPTION_PLACEHOLDER_SERIES
2016-06-30,5Y,5.88,ASSUMPTION_PLACEHOLDER_SERIES
2016-06-30,7Y,6.16,ASSUMPTION_PLACEHOLDER_SERIES
2016-06-30,10Y,6.34,ASSUMPTION_PLACEHOLDER_SERIES
2016-06-30,15Y,6.65,ASSUMPTION_PLACEHOLDER_SERIES
2016-07-31,1Y,5.03,ASSUMPTION_PLACEHOLDER_SERIES
2016-07-31,2Y,5.2,ASSUMPTION_PLACEHOLDER_SERIES
2016-07-31,3Y,5.37,ASSUMPTION_PLACEHOLDER_SERIES
2016-07-31,5Y,5.71,ASSUMPTION_PLACEHOLDER_SERIES
2016-07-31,7Y,5.99,ASSUMPTION_PLACEHOLDER_SERIES
2016-07-31,10Y,6.15,ASSUMPTION_PLACEHOLDER_SERIES
2016-07-31,15Y,6.37,ASSUMPTION_PLACEHOLDER_SERIES
2016-08-31,1Y,4.96,ASSUMPTION_PLACEHOLDER_SERIES
2016-08-31,2Y,5.18,ASSUMPTION_PLACEHOLDER_SERIES
2016-08-31,3Y,5.38,ASSUMPTION_PLACEHOLDER_SERIES
2016-08-31,5Y,5.73,ASSUMPTION_PLACEHOLDER_SERIES
2016-08-31,7Y,5.81,ASSUMPTION_PLACEHOLDER_SERIES
2016-08-31,10Y,6.12,ASSUMPTION_PLACEHOLDER_SERIES
2016-08-31,15Y,6.44,ASSUMPTION_PLACEHOLDER_SERIES
2016-09-30,1Y,5.0,ASSUMPTION_PLACEHOLDER_SERIES
2016-09-30,2Y,5.25,ASSUMPTION_PLACEHOLDER_SERIES
2016-09-30,3Y,5.38,ASSUMPTION_PLACEHOLDER_SERIES
2016-09-30,5Y,5.73,ASSUMPTION_PLACEHOLDER_SERIES
2016-09-30,7Y,5.87,ASSUMPTION_PLACEHOLDER_SERIES
2016-09-30,10Y,6.11,ASSUMPTION_PLACEHOLDER_SERIES
2016-09-30,15Y,6.28,ASSUMPTION_PLACEHOLDER_SERIES
2016-10-31,1Y,4.54,ASSUMPTION_PLACEHOLDER_SERIES
2016-10-31,2Y,4.74,ASSUMPTION_PLACEHOLDER_SERIES
2016-10-31,3Y,5.03,ASSUMPTION_PLACEHOLDER_SERIES
2016-10-31,5Y,5.27,ASSUMPTION_PLACEHOLDER_SERIES
2016-10-31,7Y,5.51,ASSUMPTION_PLACEHOLDER_SERIES
2016-10-31,10Y,5.75,ASSUMPTION_PLACEHOLDER_SERIES
2016-10-31,15Y,5.99,ASSUMPTION_PLACEHOLDER_SERIES
2016-11-30,1Y,4.72,ASSUMPTION_PLACEHOLDER_SERIES
2016-11-30,2Y,5.07,ASSUMPTION_PLACEHOLDER_SERIES
2016-11-30,3Y,5.18,ASSUMPTION_PLACEHOLDER_SERIES
2016-11-30,5Y,5.58,ASSUMPTION_PLACEHOLDER_SERIES
2016-11-30,7Y,5.74,ASSUMPTION_PLACEHOLDER_SERIES
2016-11-30,10Y,5.97,ASSUMPTION_PLACEHOLDER_SERIES
2016-11-30,15Y,6.37,ASSUMPTION_PLACEHOLDER_SERIES
2016-12-31,1Y,4.93,ASSUMPTION_PLACEHOLDER_SERIES
2016-12-31,2Y,5.08,ASSUMPTION_PLACEHOLDER_SERIES
2016-12-31,3Y,5.34,ASSUMPTION_PLACEHOLDER_SERIES
2016-12-31,5Y,5.72,ASSUMPTION_PLACEHOLDER_SERIES
2016-12-31,7Y,5.8,ASSUMPTION_PLACEHOLDER_SERIES
2016-12-31,10Y,6.1,ASSUMPTION_PLACEHOLDER_SERIES
2016-12-31,15Y,6.4,ASSUMPTION_PLACEHOLDER_SERIES
2017-01-31,1Y,3.89,ASSUMPTION_PLACEHOLDER_SERIES
2017-01-31,2Y,4.04,ASSUMPTION_PLACEHOLDER_SERIES
2017-01-31,3Y,4.37,ASSUMPTION_PLACEHOLDER_SERIES
2017-01-31,5Y,4.58,ASSUMPTION_PLACEHOLDER_SERIES
2017-01-31,7Y,4.83,ASSUMPTION_PLACEHOLDER_SERIES
2017-01-31,10Y,5.11,ASSUMPTION_PLACEHOLDER_SERIES
2017-01-31,15Y,5.46,ASSUMPTION_PLACEHOLDER_SERIES
2017-02-28,1Y,4.4,ASSUMPTION_PLACEHOLDER_SERIES
2017-02-28,2Y,4.5,ASSUMPTION_PLACEHOLDER_SERIES
2017-02-28,3Y,4.8,ASSUMPTION_PLACEHOLDER_SERIES
2017-02-28,5Y,5.13,ASSUMPTION_PLACEHOLDER_SERIES
2017-02-28,7Y,5.22,ASSUMPTION_PLACEHOLDER_SERIES
2017-02-28,10Y,5.49,ASSUMPTION_PLACEHOLDER_SERIES
2017-02-28,15Y,5.79,ASSUMPTION_PLACEHOLDER_SERIES
2017-03-31,1Y,3.87,ASSUMPTION_PLACEHOLDER_SERIES
2017-03-31,2Y,4.14,ASSUMPTION_PLACEHOLDER_SERIES
2017-03-31,3Y,4.38,ASSUMPTION_PLACEHOLDER_SERIES
2017-03-31,5Y,4.61,ASSUMPTION_PLACEHOLDER_SERIES
2017-03-31,7Y,4.89,ASSUMPTION_PLACEHOLDER_SERIES
2017-03-31,10Y,5.11,ASSUMPTION_PLACEHOLDER_SERIES
2017-03-31,15Y,5.46,ASSUMPTION_PLACEHOLDER_SERIES
2017-04-30,1Y,3.58,ASSUMPTION_PLACEHOLDER_SERIES
2017-04-30,2Y,3.83,ASSUMPTION_PLACEHOLDER_SERIES
2017-04-30,3Y,3.99,ASSUMPTION_PLACEHOLDER_SERIES
2017-04-30,5Y,4.26,ASSUMPTION_PLACEHOLDER_SERIES
2017-04-30,7Y,4.46,ASSUMPTION_PLACEHOLDER_SERIES
2017-04-30,10Y,4.76,ASSUMPTION_PLACEHOLDER_SERIES
2017-04-30,15Y,5.19,ASSUMPTION_PLACEHOLDER_SERIES
2017-05-31,1Y,3.75,ASSUMPTION_PLACEHOLDER_SERIES
2017-05-31,2Y,3.9,ASSUMPTION_PLACEHOLDER_SERIES
2017-05-31,3Y,4.12,ASSUMPTION_PLACEHOLDER_SERIES
2017-05-31,5Y,4.34,ASSUMPTION_PLACEHOLDER_SERIES
2017-05-31,7Y,4.6,ASSUMPTION_PLACEHOLDER_SERIES
2017-05-31,10Y,4.84,ASSUMPTION_PLACEHOLDER_SERIES
2017-05-31,15Y,5.07,ASSUMPTION_PLACEHOLDER_SERIES
2017-06-30,1Y,3.91,ASSUMPTION_PLACEHOLDER_SERIES
2017-06-30,2Y,4.09,ASSUMPTION_PLACEHOLDER_SERIES
2017-06-30,3Y,4.29,ASSUMPTION_PLACEHOLDER_SERIES
2017-06-30,5Y,4.52,ASSUMPTION_PLACEHOLDER_SERIES
2017-06-30,7Y,4.72,ASSUMPTION_PLACEHOLDER_SERIES
2017-06-30,10Y,5.03,ASSUMPTION_PLACEHOLDER_SERIES
2017-06-30,15Y,5.38,ASSUMPTION_PLACEHOLDER_SERIES
2017-07-31,1Y,3.75,ASSUMPTION_PLACEHOLDER_SERIES
2017-07-31,2Y,3.99,ASSUMPTION_PLACEHOLDER_SERIES
2017-07-31,3Y,4.2,ASSUMPTION_PLACEHOLDER_SERIES
2017-07-31,5Y,4.5,ASSUMPTION_PLACEHOLDER_SERIES
2017-07-31,7Y,4.6,ASSUMPTION_PLACEHOLDER_SERIES
2017-07-31,10Y,4.91,ASSUMPTION_PLACEHOLDER_SERIES
2017-07-31,15Y,5.22,ASSUMPTION_PLACEHOLDER_SERIES
2017-08-31,1Y,3.71,ASSUMPTION_PLACEHOLDER_SERIES
2017-08-31,2Y,3.88,ASSUMPTION_PLACEHOLDER_SERIES
2017-08-31,3Y,4.08,ASSUMPTION_PLACEHOLDER_SERIES
2017-08-31,5Y,4.31,ASSUMPTION_PLACEHOLDER_SERIES
2017-08-31,7Y,4.62,ASSUMPTION_PLACEHOLDER_SERIES
2017-08-31,10Y,4.82,ASSUMPTION_PLACEHOLDER_SERIES
2017-08-31,15Y,5.25,ASSUMPTION_PLACEHOLDER_SERIES
2017-09-30,1Y,3.99,ASSUMPTION_PLACEHOLDER_SERIES
2017-09-30,2Y,4.25,ASSUMPTION_PLACEHOLDER_SERIES
2017-09-30,3Y,4.38,ASSUMPTION_PLACEHOLDER_SERIES
2017-09-30,5Y,4.69,ASSUMPTION_PLACEHOLDER_SERIES
2017-09-30,7Y,4.93,ASSUMPTION_PLACEHOLDER_SERIES
2017-09-30,10Y,5.13,ASSUMPTION_PLACEHOLDER_SERIES
2017-09-30,15Y,5.41,ASSUMPTION_PLACEHOLDER_SERIES
2017-10-31,1Y,3.91,ASSUMPTION_PLACEHOLDER_SERIES
2017-10-31,2Y,4.17,ASSUMPTION_PLACEHOLDER_SERIES
2017-10-31,3Y,4.29,ASSUMPTION_PLACEHOLDER_SERIES
2017-10-31,5Y,4.51,ASSUMPTION_PLACEHOLDER_SERIES
2017-10-31,7Y,4.85,ASSUMPTION_PLACEHOLDER_SERIES
2017-10-31,10Y,5.06,ASSUMPTION_PLACEHOLDER_SERIES
2017-10-31,15Y,5.43,ASSUMPTION_PLACEHOLDER_SERIES
2017-11-30,1Y,4.07,ASSUMPTION_PLACEHOLDER_SERIES
2017-11-30,2Y,4.35,ASSUMPTION_PLACEHOLDER_SERIES
2017-11-30,3Y,4.54,ASSUMPTION_PLACEHOLDER_SERIES
2017-11-30,5Y,4.89,ASSUMPTION_PLACEHOLDER_SERIES
2017-11-30,7Y,5.07,ASSUMPTION_PLACEHOLDER_SERIES
2017-11-30,10Y,5.3,ASSUMPTION_PLACEHOLDER_SERIES
2017-11-30,15Y,5.58,ASSUMPTION_PLACEHOLDER_SERIES
2017-12-31,1Y,4.09,ASSUMPTION_PLACEHOLDER_SERIES
2017-12-31,2Y,4.35,ASSUMPTION_PLACEHOLDER_SERIES
2017-12-31,3Y,4.46,ASSUMPTION_PLACEHOLDER_SERIES
2017-12-31,5Y,4.82,ASSUMPTION_PLACEHOLDER_SERIES
2017-12-31,7Y,5.01,ASSUMPTION_PLACEHOLDER_SERIES
2017-12-31,10Y,5.26,ASSUMPTION_PLACEHOLDER_SERIES
2017-12-31,15Y,5.55,ASSUMPTION_PLACEHOLDER_SERIES
2018-01-31,1Y,3.97,ASSUMPTION_PLACEHOLDER_SERIES
2018-01-31,2Y,4.14,ASSUMPTION_PLACEHOLDER_SERIES
2018-01-31,3Y,4.35,ASSUMPTION_PLACEHOLDER_SERIES
2018-01-31,5Y,4.74,ASSUMPTION_PLACEHOLDER_SERIES
2018-01-31,7Y,4.89,ASSUMPTION_PLACEHOLDER_SERIES
2018-01-31,10Y,5.15,ASSUMPTION_PLACEHOLDER_SERIES
2018-01-31,15Y,5.42,ASSUMPTION_PLACEHOLDER_SERIES
2018-02-28,1Y,3.76,ASSUMPTION_PLACEHOLDER_SERIES
2018-02-28,2Y,3.86,ASSUMPTION_PLACEHOLDER_SERIES
2018-02-28,3Y,4.03,ASSUMPTION_PLACEHOLDER_SERIES
2018-02-28,5Y,4.44,ASSUMPTION_PLACEHOLDER_SERIES
2018-02-28,7Y,4.62,ASSUMPTION_PLACEHOLDER_SERIES
2018-02-28,10Y,4.82,ASSUMPTION_PLACEHOLDER_SERIES
2018-02-28,15Y,5.09,ASSUMPTION_PLACEHOLDER_SERIES
2018-03-31,1Y,3.73,ASSUMPTION_PLACEHOLDER_SERIES
2018-03-31,2Y,3.81,ASSUMPTION_PLACEHOLDER_SERIES
2018-03-31,3Y,4.21,ASSUMPTION_PLACEHOLDER_SERIES
2018-03-31,5Y,4.38,ASSUMPTION_PLACEHOLDER_SERIES
2018-03-31,7Y,4.68,ASSUMPTION_PLACEHOLDER_SERIES
2018-03-31,10Y,4.82,ASSUMPTION_PLACEHOLDER_SERIES
2018-03-31,15Y,5.27,ASSUMPTION_PLACEHOLDER_SERIES
2018-04-30,1Y,3.5,ASSUMPTION_PLACEHOLDER_SERIES
2018-04-30,2Y,3.72,ASSUMPTION_PLACEHOLDER_SERIES
2018-04-30,3Y,3.78,ASSUMPTION_PLACEHOLDER_SERIES
2018-04-30,5Y,4.15,ASSUMPTION_PLACEHOLDER_SERIES
2018-04-30,7Y,4.43,ASSUMPTION_PLACEHOLDER_SERIES
2018-04-30,10Y,4.64,ASSUMPTION_PLACEHOLDER_SERIES
2018-04-30,15Y,4.95,ASSUMPTION_PLACEHOLDER_SERIES
2018-05-31,1Y,4.09,ASSUMPTION_PLACEHOLDER_SERIES
2018-05-31,2Y,4.4,ASSUMPTION_PLACEHOLDER_SERIES
2018-05-31,3Y,4.62,ASSUMPTION_PLACEHOLDER_SERIES
2018-05-31,5Y,4.92,ASSUMPTION_PLACEHOLDER_SERIES
2018-05-31,7Y,5.11,ASSUMPTION_PLACEHOLDER_SERIES
2018-05-31,10Y,5.33,ASSUMPTION_PLACEHOLDER_SERIES
2018-05-31,15Y,5.72,ASSUMPTION_PLACEHOLDER_SERIES
2018-06-30,1Y,3.94,ASSUMPTION_PLACEHOLDER_SERIES
2018-06-30,2Y,4.16,ASSUMPTION_PLACEHOLDER_SERIES
2018-06-30,3Y,4.43,ASSUMPTION_PLACEHOLDER_SERIES
2018-06-30,5Y,4.73,ASSUMPTION_PLACEHOLDER_SERIES
2018-06-30,7Y,4.88,ASSUMPTION_PLACEHOLDER_SERIES
2018-06-30,10Y,5.14,ASSUMPTION_PLACEHOLDER_SERIES
2018-06-30,15Y,5.43,ASSUMPTION_PLACEHOLDER_SERIES
2018-07-31,1Y,3.61,ASSUMPTION_PLACEHOLDER_SERIES
2018-07-31,2Y,3.79,ASSUMPTION_PLACEHOLDER_SERIES
2018-07-31,3Y,3.95,ASSUMPTION_PLACEHOLDER_SERIES
2018-07-31,5Y,4.34,ASSUMPTION_PLACEHOLDER_SERIES
2018-07-31,7Y,4.57,ASSUMPTION_PLACEHOLDER_SERIES
2018-07-31,10Y,4.77,ASSUMPTION_PLACEHOLDER_SERIES
2018-07-31,15Y,5.05,ASSUMPTION_PLACEHOLDER_SERIES
2018-08-31,1Y,3.84,ASSUMPTION_PLACEHOLDER_SERIES
2018-08-31,2Y,4.01,ASSUMPTION_PLACEHOLDER_SERIES
2018-08-31,3Y,4.25,ASSUMPTION_PLACEHOLDER_SERIES
2018-08-31,5Y,4.48,ASSUMPTION_PLACEHOLDER_SERIES
2018-08-31,7Y,4.75,ASSUMPTION_PLACEHOLDER_SERIES
2018-08-31,10Y,4.99,ASSUMPTION_PLACEHOLDER_SERIES
2018-08-31,15Y,5.35,ASSUMPTION_PLACEHOLDER_SERIES
2018-09-30,1Y,4.26,ASSUMPTION_PLACEHOLDER_SERIES
2018-09-30,2Y,4.35,ASSUMPTION_PLACEHOLDER_SERIES
2018-09-30,3Y,4.53,ASSUMPTION_PLACEHOLDER_SERIES
2018-09-30,5Y,4.89,ASSUMPTION_PLACEHOLDER_SERIES
2018-09-30,7Y,5.04,ASSUMPTION_PLACEHOLDER_SERIES
2018-09-30,10Y,5.27,ASSUMPTION_PLACEHOLDER_SERIES
2018-09-30,15Y,5.49,ASSUMPTION_PLACEHOLDER_SERIES
2018-10-31,1Y,3.86,ASSUMPTION_PLACEHOLDER_SERIES
2018-10-31,2Y,4.0,ASSUMPTION_PLACEHOLDER_SERIES
2018-10-31,3Y,4.24,ASSUMPTION_PLACEHOLDER_SERIES
2018-10-31,5Y,4.66,ASSUMPTION_PLACEHOLDER_SERIES
2018-10-31,7Y,4.74,ASSUMPTION_PLACEHOLDER_SERIES
2018-10-31,10Y,5.01,ASSUMPTION_PLACEHOLDER_SERIES
2018-10-31,15Y,5.35,ASSUMPTION_PLACEHOLDER_SERIES
2018-11-30,1Y,3.97,ASSUMPTION_PLACEHOLDER_SERIES
2018-11-30,2Y,4.13,ASSUMPTION_PLACEHOLDER_SERIES
2018-11-30,3Y,4.35,ASSUMPTION_PLACEHOLDER_SERIES
2018-11-30,5Y,4.63,ASSUMPTION_PLACEHOLDER_SERIES
2018-11-30,7Y,4.9,ASSUMPTION_PLACEHOLDER_SERIES
2018-11-30,10Y,5.11,ASSUMPTION_PLACEHOLDER_SERIES
2018-11-30,15Y,5.4,ASSUMPTION_PLACEHOLDER_SERIES
2018-12-31,1Y,3.82,ASSUMPTION_PLACEHOLDER_SERIES
2018-12-31,2Y,4.09,ASSUMPTION_PLACEHOLDER_SERIES
2018-12-31,3Y,4.28,ASSUMPTION_PLACEHOLDER_SERIES
2018-12-31,5Y,4.54,ASSUMPTION_PLACEHOLDER_SERIES
2018-12-31,7Y,4.8,ASSUMPTION_PLACEHOLDER_SERIES
2018-12-31,10Y,5.01,ASSUMPTION_PLACEHOLDER_SERIES
2018-12-31,15Y,5.26,ASSUMPTION_PLACEHOLDER_SERIES
2019-01-31,1Y,3.29,ASSUMPTION_PLACEHOLDER_SERIES
2019-01-31,2Y,3.47,ASSUMPTION_PLACEHOLDER_SERIES
2019-01-31,3Y,3.66,ASSUMPTION_PLACEHOLDER_SERIES
2019-01-31,5Y,4.02,ASSUMPTION_PLACEHOLDER_SERIES
2019-01-31,7Y,4.17,ASSUMPTION_PLACEHOLDER_SERIES
2019-01-31,10Y,4.42,ASSUMPTION_PLACEHOLDER_SERIES
2019-01-31,15Y,4.68,ASSUMPTION_PLACEHOLDER_SERIES
2019-02-28,1Y,3.64,ASSUMPTION_PLACEHOLDER_SERIES
2019-02-28,2Y,3.83,ASSUMPTION_PLACEHOLDER_SERIES
2019-02-28,3Y,4.1,ASSUMPTION_PLACEHOLDER_SERIES
2019-02-28,5Y,4.43,ASSUMPTION_PLACEHOLDER_SERIES
2019-02-28,7Y,4.64,ASSUMPTION_PLACEHOLDER_SERIES
2019-02-28,10Y,4.83,ASSUMPTION_PLACEHOLDER_SERIES
2019-02-28,15Y,5.08,ASSUMPTION_PLACEHOLDER_SERIES
2019-03-31,1Y,3.7,ASSUMPTION_PLACEHOLDER_SERIES
2019-03-31,2Y,3.87,ASSUMPTION_PLACEHOLDER_SERIES
2019-03-31,3Y,4.12,ASSUMPTION_PLACEHOLDER_SERIES
2019-03-31,5Y,4.4,ASSUMPTION_PLACEHOLDER_SERIES
2019-03-31,7Y,4.58,ASSUMPTION_PLACEHOLDER_SERIES
2019-03-31,10Y,4.81,ASSUMPTION_PLACEHOLDER_SERIES
2019-03-31,15Y,5.23,ASSUMPTION_PLACEHOLDER_SERIES
2019-04-30,1Y,3.78,ASSUMPTION_PLACEHOLDER_SERIES
2019-04-30,2Y,4.12,ASSUMPTION_PLACEHOLDER_SERIES
2019-04-30,3Y,4.23,ASSUMPTION_PLACEHOLDER_SERIES
2019-04-30,5Y,4.53,ASSUMPTION_PLACEHOLDER_SERIES
2019-04-30,7Y,4.75,ASSUMPTION_PLACEHOLDER_SERIES
2019-04-30,10Y,4.94,ASSUMPTION_PLACEHOLDER_SERIES
2019-04-30,15Y,5.35,ASSUMPTION_PLACEHOLDER_SERIES
2019-05-31,1Y,3.82,ASSUMPTION_PLACEHOLDER_SERIES
2019-05-31,2Y,4.12,ASSUMPTION_PLACEHOLDER_SERIES
2019-05-31,3Y,4.26,ASSUMPTION_PLACEHOLDER_SERIES
2019-05-31,5Y,4.53,ASSUMPTION_PLACEHOLDER_SERIES
2019-05-31,7Y,4.78,ASSUMPTION_PLACEHOLDER_SERIES
2019-05-31,10Y,5.01,ASSUMPTION_PLACEHOLDER_SERIES
2019-05-31,15Y,5.4,ASSUMPTION_PLACEHOLDER_SERIES
2019-06-30,1Y,3.5,ASSUMPTION_PLACEHOLDER_SERIES
2019-06-30,2Y,3.69,ASSUMPTION_PLACEHOLDER_SERIES
2019-06-30,3Y,3.88,ASSUMPTION_PLACEHOLDER_SERIES
2019-06-30,5Y,4.21,ASSUMPTION_PLACEHOLDER_SERIES
2019-06-30,7Y,4.34,ASSUMPTION_PLACEHOLDER_SERIES
2019-06-30,10Y,4.64,ASSUMPTION_PLACEHOLDER_SERIES
2019-06-30,15Y,4.97,ASSUMPTION_PLACEHOLDER_SERIES
2019-07-31,1Y,4.15,ASSUMPTION_PLACEHOLDER_SERIES
2019-07-31,2Y,4.47,ASSUMPTION_PLACEHOLDER_SERIES
2019-07-31,3Y,4.47,ASSUMPTION_PLACEHOLDER_SERIES
2019-07-31,5Y,4.93,ASSUMPTION_PLACEHOLDER_SERIES
2019-07-31,7Y,5.15,ASSUMPTION_PLACEHOLDER_SERIES
2019-07-31,10Y,5.33,ASSUMPTION_PLACEHOLDER_SERIES
2019-07-31,15Y,5.65,ASSUMPTION_PLACEHOLDER_SERIES
2019-08-31,1Y,4.01,ASSUMPTION_PLACEHOLDER_SERIES
2019-08-31,2Y,4.22,ASSUMPTION_PLACEHOLDER_SERIES
2019-08-31,3Y,4.38,ASSUMPTION_PLACEHOLDER_SERIES
2019-08-31,5Y,4.76,ASSUMPTION_PLACEHOLDER_SERIES
2019-08-31,7Y,4.97,ASSUMPTION_PLACEHOLDER_SERIES
2019-08-31,10Y,5.17,ASSUMPTION_PLACEHOLDER_SERIES
2019-08-31,15Y,5.58,ASSUMPTION_PLACEHOLDER_SERIES
2019-09-30,1Y,3.44,ASSUMPTION_PLACEHOLDER_SERIES
2019-09-30,2Y,3.62,ASSUMPTION_PLACEHOLDER_SERIES
2019-09-30,3Y,3.95,ASSUMPTION_PLACEHOLDER_SERIES
2019-09-30,5Y,4.25,ASSUMPTION_PLACEHOLDER_SERIES
2019-09-30,7Y,4.32,ASSUMPTION_PLACEHOLDER_SERIES
2019-09-30,10Y,4.59,ASSUMPTION_PLACEHOLDER_SERIES
2019-09-30,15Y,4.99,ASSUMPTION_PLACEHOLDER_SERIES
2019-10-31,1Y,3.35,ASSUMPTION_PLACEHOLDER_SERIES
2019-10-31,2Y,3.51,ASSUMPTION_PLACEHOLDER_SERIES
2019-10-31,3Y,3.79,ASSUMPTION_PLACEHOLDER_SERIES
2019-10-31,5Y,4.05,ASSUMPTION_PLACEHOLDER_SERIES
2019-10-31,7Y,4.36,ASSUMPTION_PLACEHOLDER_SERIES
2019-10-31,10Y,4.52,ASSUMPTION_PLACEHOLDER_SERIES
2019-10-31,15Y,4.77,ASSUMPTION_PLACEHOLDER_SERIES
2019-11-30,1Y,3.86,ASSUMPTION_PLACEHOLDER_SERIES
2019-11-30,2Y,4.01,ASSUMPTION_PLACEHOLDER_SERIES
2019-11-30,3Y,4.17,ASSUMPTION_PLACEHOLDER_SERIES
2019-11-30,5Y,4.47,ASSUMPTION_PLACEHOLDER_SERIES
2019-11-30,7Y,4.67,ASSUMPTION_PLACEHOLDER_SERIES
2019-11-30,10Y,4.93,ASSUMPTION_PLACEHOLDER_SERIES
2019-11-30,15Y,5.3,ASSUMPTION_PLACEHOLDER_SERIES
2019-12-31,1Y,3.48,ASSUMPTION_PLACEHOLDER_SERIES
2019-12-31,2Y,3.8,ASSUMPTION_PLACEHOLDER_SERIES
2019-12-31,3Y,3.88,ASSUMPTION_PLACEHOLDER_SERIES
2019-12-31,5Y,4.34,ASSUMPTION_PLACEHOLDER_SERIES
2019-12-31,7Y,4.47,ASSUMPTION_PLACEHOLDER_SERIES
2019-12-31,10Y,4.7,ASSUMPTION_PLACEHOLDER_SERIES
2019-12-31,15Y,5.13,ASSUMPTION_PLACEHOLDER_SERIES
2020-01-31,1Y,1.42,ASSUMPTION_PLACEHOLDER_SERIES
2020-01-31,2Y,1.66,ASSUMPTION_PLACEHOLDER_SERIES
2020-01-31,3Y,1.82,ASSUMPTION_PLACEHOLDER_SERIES
2020-01-31,5Y,2.11,ASSUMPTION_PLACEHOLDER_SERIES
2020-01-31,7Y,2.42,ASSUMPTION_PLACEHOLDER_SERIES
2020-01-31,10Y,2.57,ASSUMPTION_PLACEHOLDER_SERIES
2020-01-31,15Y,3.0,ASSUMPTION_PLACEHOLDER_SERIES
2020-02-29,1Y,1.32,ASSUMPTION_PLACEHOLDER_SERIES
2020-02-29,2Y,1.52,ASSUMPTION_PLACEHOLDER_SERIES
2020-02-29,3Y,1.86,ASSUMPTION_PLACEHOLDER_SERIES
2020-02-29,5Y,2.08,ASSUMPTION_PLACEHOLDER_SERIES
2020-02-29,7Y,2.26,ASSUMPTION_PLACEHOLDER_SERIES
2020-02-29,10Y,2.51,ASSUMPTION_PLACEHOLDER_SERIES
2020-02-29,15Y,2.7,ASSUMPTION_PLACEHOLDER_SERIES
2020-03-31,1Y,1.72,ASSUMPTION_PLACEHOLDER_SERIES
2020-03-31,2Y,1.9,ASSUMPTION_PLACEHOLDER_SERIES
2020-03-31,3Y,2.14,ASSUMPTION_PLACEHOLDER_SERIES
2020-03-31,5Y,2.36,ASSUMPTION_PLACEHOLDER_SERIES
2020-03-31,7Y,2.67,ASSUMPTION_PLACEHOLDER_SERIES
2020-03-31,10Y,2.85,ASSUMPTION_PLACEHOLDER_SERIES
2020-03-31,15Y,3.11,ASSUMPTION_PLACEHOLDER_SERIES
2020-04-30,1Y,1.65,ASSUMPTION_PLACEHOLDER_SERIES
2020-04-30,2Y,1.88,ASSUMPTION_PLACEHOLDER_SERIES
2020-04-30,3Y,2.13,ASSUMPTION_PLACEHOLDER_SERIES
2020-04-30,5Y,2.49,ASSUMPTION_PLACEHOLDER_SERIES
2020-04-30,7Y,2.68,ASSUMPTION_PLACEHOLDER_SERIES
2020-04-30,10Y,2.87,ASSUMPTION_PLACEHOLDER_SERIES
2020-04-30,15Y,3.08,ASSUMPTION_PLACEHOLDER_SERIES
2020-05-31,1Y,2.11,ASSUMPTION_PLACEHOLDER_SERIES
2020-05-31,2Y,2.29,ASSUMPTION_PLACEHOLDER_SERIES
2020-05-31,3Y,2.43,ASSUMPTION_PLACEHOLDER_SERIES
2020-05-31,5Y,2.74,ASSUMPTION_PLACEHOLDER_SERIES
2020-05-31,7Y,3.08,ASSUMPTION_PLACEHOLDER_SERIES
2020-05-31,10Y,3.24,ASSUMPTION_PLACEHOLDER_SERIES
2020-05-31,15Y,3.54,ASSUMPTION_PLACEHOLDER_SERIES
2020-06-30,1Y,1.75,ASSUMPTION_PLACEHOLDER_SERIES
2020-06-30,2Y,1.94,ASSUMPTION_PLACEHOLDER_SERIES
2020-06-30,3Y,2.14,ASSUMPTION_PLACEHOLDER_SERIES
2020-06-30,5Y,2.45,ASSUMPTION_PLACEHOLDER_SERIES
2020-06-30,7Y,2.7,ASSUMPTION_PLACEHOLDER_SERIES
2020-06-30,10Y,2.92,ASSUMPTION_PLACEHOLDER_SERIES
2020-06-30,15Y,3.25,ASSUMPTION_PLACEHOLDER_SERIES
2020-07-31,1Y,2.15,ASSUMPTION_PLACEHOLDER_SERIES
2020-07-31,2Y,2.46,ASSUMPTION_PLACEHOLDER_SERIES
2020-07-31,3Y,2.55,ASSUMPTION_PLACEHOLDER_SERIES
2020-07-31,5Y,3.0,ASSUMPTION_PLACEHOLDER_SERIES
2020-07-31,7Y,3.1,ASSUMPTION_PLACEHOLDER_SERIES
2020-07-31,10Y,3.35,ASSUMPTION_PLACEHOLDER_SERIES
2020-07-31,15Y,3.62,ASSUMPTION_PLACEHOLDER_SERIES
2020-08-31,1Y,2.14,ASSUMPTION_PLACEHOLDER_SERIES
2020-08-31,2Y,2.43,ASSUMPTION_PLACEHOLDER_SERIES
2020-08-31,3Y,2.65,ASSUMPTION_PLACEHOLDER_SERIES
2020-08-31,5Y,2.85,ASSUMPTION_PLACEHOLDER_SERIES
2020-08-31,7Y,3.0,ASSUMPTION_PLACEHOLDER_SERIES
2020-08-31,10Y,3.33,ASSUMPTION_PLACEHOLDER_SERIES
2020-08-31,15Y,3.67,ASSUMPTION_PLACEHOLDER_SERIES
2020-09-30,1Y,1.53,ASSUMPTION_PLACEHOLDER_SERIES
2020-09-30,2Y,1.83,ASSUMPTION_PLACEHOLDER_SERIES
2020-09-30,3Y,2.01,ASSUMPTION_PLACEHOLDER_SERIES
2020-09-30,5Y,2.28,ASSUMPTION_PLACEHOLDER_SERIES
2020-09-30,7Y,2.59,ASSUMPTION_PLACEHOLDER_SERIES
2020-09-30,10Y,2.71,ASSUMPTION_PLACEHOLDER_SERIES
2020-09-30,15Y,3.07,ASSUMPTION_PLACEHOLDER_SERIES
2020-10-31,1Y,1.89,ASSUMPTION_PLACEHOLDER_SERIES
2020-10-31,2Y,1.94,ASSUMPTION_PLACEHOLDER_SERIES
2020-10-31,3Y,2.32,ASSUMPTION_PLACEHOLDER_SERIES
2020-10-31,5Y,2.53,ASSUMPTION_PLACEHOLDER_SERIES
2020-10-31,7Y,2.8,ASSUMPTION_PLACEHOLDER_SERIES
2020-10-31,10Y,3.04,ASSUMPTION_PLACEHOLDER_SERIES
2020-10-31,15Y,3.2,ASSUMPTION_PLACEHOLDER_SERIES
2020-11-30,1Y,1.45,ASSUMPTION_PLACEHOLDER_SERIES
2020-11-30,2Y,1.64,ASSUMPTION_PLACEHOLDER_SERIES
2020-11-30,3Y,1.77,ASSUMPTION_PLACEHOLDER_SERIES
2020-11-30,5Y,2.13,ASSUMPTION_PLACEHOLDER_SERIES
2020-11-30,7Y,2.34,ASSUMPTION_PLACEHOLDER_SERIES
2020-11-30,10Y,2.57,ASSUMPTION_PLACEHOLDER_SERIES
2020-11-30,15Y,2.91,ASSUMPTION_PLACEHOLDER_SERIES
2020-12-31,1Y,1.77,ASSUMPTION_PLACEHOLDER_SERIES
2020-12-31,2Y,1.92,ASSUMPTION_PLACEHOLDER_SERIES
2020-12-31,3Y,2.23,ASSUMPTION_PLACEHOLDER_SERIES
2020-12-31,5Y,2.46,ASSUMPTION_PLACEHOLDER_SERIES
2020-12-31,7Y,2.75,ASSUMPTION_PLACEHOLDER_SERIES
2020-12-31,10Y,2.93,ASSUMPTION_PLACEHOLDER_SERIES
2020-12-31,15Y,3.2,ASSUMPTION_PLACEHOLDER_SERIES
2021-01-31,1Y,1.46,ASSUMPTION_PLACEHOLDER_SERIES
2021-01-31,2Y,1.5,ASSUMPTION_PLACEHOLDER_SERIES
2021-01-31,3Y,1.68,ASSUMPTION_PLACEHOLDER_SERIES
2021-01-31,5Y,2.07,ASSUMPTION_PLACEHOLDER_SERIES
2021-01-31,7Y,2.27,ASSUMPTION_PLACEHOLDER_SERIES
2021-01-31,10Y,2.53,ASSUMPTION_PLACEHOLDER_SERIES
2021-01-31,15Y,2.78,ASSUMPTION_PLACEHOLDER_SERIES
2021-02-28,1Y,1.24,ASSUMPTION_PLACEHOLDER_SERIES
2021-02-28,2Y,1.45,ASSUMPTION_PLACEHOLDER_SERIES
2021-02-28,3Y,1.63,ASSUMPTION_PLACEHOLDER_SERIES
2021-02-28,5Y,1.93,ASSUMPTION_PLACEHOLDER_SERIES
2021-02-28,7Y,2.19,ASSUMPTION_PLACEHOLDER_SERIES
2021-02-28,10Y,2.42,ASSUMPTION_PLACEHOLDER_SERIES
2021-02-28,15Y,2.75,ASSUMPTION_PLACEHOLDER_SERIES
2021-03-31,1Y,1.38,ASSUMPTION_PLACEHOLDER_SERIES
2021-03-31,2Y,1.62,ASSUMPTION_PLACEHOLDER_SERIES
2021-03-31,3Y,1.72,ASSUMPTION_PLACEHOLDER_SERIES
2021-03-31,5Y,2.13,ASSUMPTION_PLACEHOLDER_SERIES
2021-03-31,7Y,2.35,ASSUMPTION_PLACEHOLDER_SERIES
2021-03-31,10Y,2.54,ASSUMPTION_PLACEHOLDER_SERIES
2021-03-31,15Y,2.85,ASSUMPTION_PLACEHOLDER_SERIES
2021-04-30,1Y,0.64,ASSUMPTION_PLACEHOLDER_SERIES
2021-04-30,2Y,0.65,ASSUMPTION_PLACEHOLDER_SERIES
2021-04-30,3Y,1.02,ASSUMPTION_PLACEHOLDER_SERIES
2021-04-30,5Y,1.35,ASSUMPTION_PLACEHOLDER_SERIES
2021-04-30,7Y,1.54,ASSUMPTION_PLACEHOLDER_SERIES
2021-04-30,10Y,1.77,ASSUMPTION_PLACEHOLDER_SERIES
2021-04-30,15Y,2.05,ASSUMPTION_PLACEHOLDER_SERIES
2021-05-31,1Y,1.18,ASSUMPTION_PLACEHOLDER_SERIES
2021-05-31,2Y,1.41,ASSUMPTION_PLACEHOLDER_SERIES
2021-05-31,3Y,1.51,ASSUMPTION_PLACEHOLDER_SERIES
2021-05-31,5Y,1.81,ASSUMPTION_PLACEHOLDER_SERIES
2021-05-31,7Y,2.14,ASSUMPTION_PLACEHOLDER_SERIES
2021-05-31,10Y,2.3,ASSUMPTION_PLACEHOLDER_SERIES
2021-05-31,15Y,2.53,ASSUMPTION_PLACEHOLDER_SERIES
2021-06-30,1Y,1.01,ASSUMPTION_PLACEHOLDER_SERIES
2021-06-30,2Y,1.38,ASSUMPTION_PLACEHOLDER_SERIES
2021-06-30,3Y,1.58,ASSUMPTION_PLACEHOLDER_SERIES
2021-06-30,5Y,1.79,ASSUMPTION_PLACEHOLDER_SERIES
2021-06-30,7Y,2.09,ASSUMPTION_PLACEHOLDER_SERIES
2021-06-30,10Y,2.27,ASSUMPTION_PLACEHOLDER_SERIES
2021-06-30,15Y,2.61,ASSUMPTION_PLACEHOLDER_SERIES
2021-07-31,1Y,1.04,ASSUMPTION_PLACEHOLDER_SERIES
2021-07-31,2Y,1.21,ASSUMPTION_PLACEHOLDER_SERIES
2021-07-31,3Y,1.44,ASSUMPTION_PLACEHOLDER_SERIES
2021-07-31,5Y,1.68,ASSUMPTION_PLACEHOLDER_SERIES
2021-07-31,7Y,1.91,ASSUMPTION_PLACEHOLDER_SERIES
2021-07-31,10Y,2.18,ASSUMPTION_PLACEHOLDER_SERIES
2021-07-31,15Y,2.52,ASSUMPTION_PLACEHOLDER_SERIES
2021-08-31,1Y,1.41,ASSUMPTION_PLACEHOLDER_SERIES
2021-08-31,2Y,1.53,ASSUMPTION_PLACEHOLDER_SERIES
2021-08-31,3Y,1.8,ASSUMPTION_PLACEHOLDER_SERIES
2021-08-31,5Y,2.05,ASSUMPTION_PLACEHOLDER_SERIES
2021-08-31,7Y,2.18,ASSUMPTION_PLACEHOLDER_SERIES
2021-08-31,10Y,2.5,ASSUMPTION_PLACEHOLDER_SERIES
2021-08-31,15Y,2.8,ASSUMPTION_PLACEHOLDER_SERIES
2021-09-30,1Y,1.28,ASSUMPTION_PLACEHOLDER_SERIES
2021-09-30,2Y,1.52,ASSUMPTION_PLACEHOLDER_SERIES
2021-09-30,3Y,1.62,ASSUMPTION_PLACEHOLDER_SERIES
2021-09-30,5Y,1.94,ASSUMPTION_PLACEHOLDER_SERIES
2021-09-30,7Y,2.19,ASSUMPTION_PLACEHOLDER_SERIES
2021-09-30,10Y,2.43,ASSUMPTION_PLACEHOLDER_SERIES
2021-09-30,15Y,2.73,ASSUMPTION_PLACEHOLDER_SERIES
2021-10-31,1Y,1.02,ASSUMPTION_PLACEHOLDER_SERIES
2021-10-31,2Y,1.23,ASSUMPTION_PLACEHOLDER_SERIES
2021-10-31,3Y,1.45,ASSUMPTION_PLACEHOLDER_SERIES
2021-10-31,5Y,1.65,ASSUMPTION_PLACEHOLDER_SERIES
2021-10-31,7Y,1.93,ASSUMPTION_PLACEHOLDER_SERIES
2021-10-31,10Y,2.15,ASSUMPTION_PLACEHOLDER_SERIES
2021-10-31,15Y,2.52,ASSUMPTION_PLACEHOLDER_SERIES
2021-11-30,1Y,1.31,ASSUMPTION_PLACEHOLDER_SERIES
2021-11-30,2Y,1.52,ASSUMPTION_PLACEHOLDER_SERIES
2021-11-30,3Y,1.74,ASSUMPTION_PLACEHOLDER_SERIES
2021-11-30,5Y,1.99,ASSUMPTION_PLACEHOLDER_SERIES
2021-11-30,7Y,2.23,ASSUMPTION_PLACEHOLDER_SERIES
2021-11-30,10Y,2.47,ASSUMPTION_PLACEHOLDER_SERIES
2021-11-30,15Y,2.77,ASSUMPTION_PLACEHOLDER_SERIES
2021-12-31,1Y,0.69,ASSUMPTION_PLACEHOLDER_SERIES
2021-12-31,2Y,0.96,ASSUMPTION_PLACEHOLDER_SERIES
2021-12-31,3Y,1.11,ASSUMPTION_PLACEHOLDER_SERIES
2021-12-31,5Y,1.37,ASSUMPTION_PLACEHOLDER_SERIES
2021-12-31,7Y,1.66,ASSUMPTION_PLACEHOLDER_SERIES
2021-12-31,10Y,1.9,ASSUMPTION_PLACEHOLDER_SERIES
2021-12-31,15Y,2.19,ASSUMPTION_PLACEHOLDER_SERIES
2022-01-31,1Y,3.74,ASSUMPTION_PLACEHOLDER_SERIES
2022-01-31,2Y,3.94,ASSUMPTION_PLACEHOLDER_SERIES
2022-01-31,3Y,4.2,ASSUMPTION_PLACEHOLDER_SERIES
2022-01-31,5Y,4.52,ASSUMPTION_PLACEHOLDER_SERIES
2022-01-31,7Y,4.76,ASSUMPTION_PLACEHOLDER_SERIES
2022-01-31,10Y,4.9,ASSUMPTION_PLACEHOLDER_SERIES
2022-01-31,15Y,5.22,ASSUMPTION_PLACEHOLDER_SERIES
2022-02-28,1Y,3.95,ASSUMPTION_PLACEHOLDER_SERIES
2022-02-28,2Y,4.19,ASSUMPTION_PLACEHOLDER_SERIES
2022-02-28,3Y,4.48,ASSUMPTION_PLACEHOLDER_SERIES
2022-02-28,5Y,4.62,ASSUMPTION_PLACEHOLDER_SERIES
2022-02-28,7Y,4.91,ASSUMPTION_PLACEHOLDER_SERIES
2022-02-28,10Y,5.13,ASSUMPTION_PLACEHOLDER_SERIES
2022-02-28,15Y,5.53,ASSUMPTION_PLACEHOLDER_SERIES
2022-03-31,1Y,3.82,ASSUMPTION_PLACEHOLDER_SERIES
2022-03-31,2Y,3.95,ASSUMPTION_PLACEHOLDER_SERIES
2022-03-31,3Y,4.13,ASSUMPTION_PLACEHOLDER_SERIES
2022-03-31,5Y,4.55,ASSUMPTION_PLACEHOLDER_SERIES
2022-03-31,7Y,4.65,ASSUMPTION_PLACEHOLDER_SERIES
2022-03-31,10Y,4.94,ASSUMPTION_PLACEHOLDER_SERIES
2022-03-31,15Y,5.3,ASSUMPTION_PLACEHOLDER_SERIES
2022-04-30,1Y,3.48,ASSUMPTION_PLACEHOLDER_SERIES
2022-04-30,2Y,3.74,ASSUMPTION_PLACEHOLDER_SERIES
2022-04-30,3Y,3.96,ASSUMPTION_PLACEHOLDER_SERIES
2022-04-30,5Y,4.2,ASSUMPTION_PLACEHOLDER_SERIES
2022-04-30,7Y,4.47,ASSUMPTION_PLACEHOLDER_SERIES
2022-04-30,10Y,4.72,ASSUMPTION_PLACEHOLDER_SERIES
2022-04-30,15Y,4.96,ASSUMPTION_PLACEHOLDER_SERIES
2022-05-31,1Y,3.44,ASSUMPTION_PLACEHOLDER_SERIES
2022-05-31,2Y,3.65,ASSUMPTION_PLACEHOLDER_SERIES
2022-05-31,3Y,3.8,ASSUMPTION_PLACEHOLDER_SERIES
2022-05-31,5Y,4.16,ASSUMPTION_PLACEHOLDER_SERIES
2022-05-31,7Y,4.44,ASSUMPTION_PLACEHOLDER_SERIES
2022-05-31,10Y,4.6,ASSUMPTION_PLACEHOLDER_SERIES
2022-05-31,15Y,4.94,ASSUMPTION_PLACEHOLDER_SERIES
2022-06-30,1Y,3.8,ASSUMPTION_PLACEHOLDER_SERIES
2022-06-30,2Y,4.07,ASSUMPTION_PLACEHOLDER_SERIES
2022-06-30,3Y,4.22,ASSUMPTION_PLACEHOLDER_SERIES
2022-06-30,5Y,4.54,ASSUMPTION_PLACEHOLDER_SERIES
2022-06-30,7Y,4.91,ASSUMPTION_PLACEHOLDER_SERIES
2022-06-30,10Y,5.02,ASSUMPTION_PLACEHOLDER_SERIES
2022-06-30,15Y,5.33,ASSUMPTION_PLACEHOLDER_SERIES
2022-07-31,1Y,3.82,ASSUMPTION_PLACEHOLDER_SERIES
2022-07-31,2Y,4.07,ASSUMPTION_PLACEHOLDER_SERIES
2022-07-31,3Y,4.31,ASSUMPTION_PLACEHOLDER_SERIES
2022-07-31,5Y,4.56,ASSUMPTION_PLACEHOLDER_SERIES
2022-07-31,7Y,4.82,ASSUMPTION_PLACEHOLDER_SERIES
2022-07-31,10Y,5.02,ASSUMPTION_PLACEHOLDER_SERIES
2022-07-31,15Y,5.37,ASSUMPTION_PLACEHOLDER_SERIES
2022-08-31,1Y,3.78,ASSUMPTION_PLACEHOLDER_SERIES
2022-08-31,2Y,3.91,ASSUMPTION_PLACEHOLDER_SERIES
2022-08-31,3Y,4.15,ASSUMPTION_PLACEHOLDER_SERIES
2022-08-31,5Y,4.54,ASSUMPTION_PLACEHOLDER_SERIES
2022-08-31,7Y,4.67,ASSUMPTION_PLACEHOLDER_SERIES
2022-08-31,10Y,4.9,ASSUMPTION_PLACEHOLDER_SERIES
2022-08-31,15Y,5.13,ASSUMPTION_PLACEHOLDER_SERIES
2022-09-30,1Y,3.32,ASSUMPTION_PLACEHOLDER_SERIES
2022-09-30,2Y,3.57,ASSUMPTION_PLACEHOLDER_SERIES
2022-09-30,3Y,3.69,ASSUMPTION_PLACEHOLDER_SERIES
2022-09-30,5Y,3.96,ASSUMPTION_PLACEHOLDER_SERIES
2022-09-30,7Y,4.18,ASSUMPTION_PLACEHOLDER_SERIES
2022-09-30,10Y,4.48,ASSUMPTION_PLACEHOLDER_SERIES
2022-09-30,15Y,4.86,ASSUMPTION_PLACEHOLDER_SERIES
2022-10-31,1Y,3.73,ASSUMPTION_PLACEHOLDER_SERIES
2022-10-31,2Y,3.95,ASSUMPTION_PLACEHOLDER_SERIES
2022-10-31,3Y,4.24,ASSUMPTION_PLACEHOLDER_SERIES
2022-10-31,5Y,4.46,ASSUMPTION_PLACEHOLDER_SERIES
2022-10-31,7Y,4.68,ASSUMPTION_PLACEHOLDER_SERIES
2022-10-31,10Y,4.93,ASSUMPTION_PLACEHOLDER_SERIES
2022-10-31,15Y,5.2,ASSUMPTION_PLACEHOLDER_SERIES
2022-11-30,1Y,3.13,ASSUMPTION_PLACEHOLDER_SERIES
2022-11-30,2Y,3.32,ASSUMPTION_PLACEHOLDER_SERIES
2022-11-30,3Y,3.54,ASSUMPTION_PLACEHOLDER_SERIES
2022-11-30,5Y,3.78,ASSUMPTION_PLACEHOLDER_SERIES
2022-11-30,7Y,4.09,ASSUMPTION_PLACEHOLDER_SERIES
2022-11-30,10Y,4.27,ASSUMPTION_PLACEHOLDER_SERIES
2022-11-30,15Y,4.6,ASSUMPTION_PLACEHOLDER_SERIES
2022-12-31,1Y,3.51,ASSUMPTION_PLACEHOLDER_SERIES
2022-12-31,2Y,3.78,ASSUMPTION_PLACEHOLDER_SERIES
2022-12-31,3Y,3.91,ASSUMPTION_PLACEHOLDER_SERIES
2022-12-31,5Y,4.29,ASSUMPTION_PLACEHOLDER_SERIES
2022-12-31,7Y,4.51,ASSUMPTION_PLACEHOLDER_SERIES
2022-12-31,10Y,4.68,ASSUMPTION_PLACEHOLDER_SERIES
2022-12-31,15Y,5.01,ASSUMPTION_PLACEHOLDER_SERIES
2023-01-31,1Y,1.11,ASSUMPTION_PLACEHOLDER_SERIES
2023-01-31,2Y,1.34,ASSUMPTION_PLACEHOLDER_SERIES
2023-01-31,3Y,1.48,ASSUMPTION_PLACEHOLDER_SERIES
2023-01-31,5Y,1.75,ASSUMPTION_PLACEHOLDER_SERIES
2023-01-31,7Y,2.2,ASSUMPTION_PLACEHOLDER_SERIES
2023-01-31,10Y,2.27,ASSUMPTION_PLACEHOLDER_SERIES
2023-01-31,15Y,2.67,ASSUMPTION_PLACEHOLDER_SERIES
2023-02-28,1Y,1.95,ASSUMPTION_PLACEHOLDER_SERIES
2023-02-28,2Y,2.14,ASSUMPTION_PLACEHOLDER_SERIES
2023-02-28,3Y,2.41,ASSUMPTION_PLACEHOLDER_SERIES
2023-02-28,5Y,2.51,ASSUMPTION_PLACEHOLDER_SERIES
2023-02-28,7Y,2.93,ASSUMPTION_PLACEHOLDER_SERIES
2023-02-28,10Y,3.09,ASSUMPTION_PLACEHOLDER_SERIES
2023-02-28,15Y,3.45,ASSUMPTION_PLACEHOLDER_SERIES
2023-03-31,1Y,1.34,ASSUMPTION_PLACEHOLDER_SERIES
2023-03-31,2Y,1.51,ASSUMPTION_PLACEHOLDER_SERIES
2023-03-31,3Y,1.66,ASSUMPTION_PLACEHOLDER_SERIES
2023-03-31,5Y,1.89,ASSUMPTION_PLACEHOLDER_SERIES
2023-03-31,7Y,2.23,ASSUMPTION_PLACEHOLDER_SERIES
2023-03-31,10Y,2.44,ASSUMPTION_PLACEHOLDER_SERIES
2023-03-31,15Y,2.76,ASSUMPTION_PLACEHOLDER_SERIES
2023-04-30,1Y,1.29,ASSUMPTION_PLACEHOLDER_SERIES
2023-04-30,2Y,1.51,ASSUMPTION_PLACEHOLDER_SERIES
2023-04-30,3Y,1.75,ASSUMPTION_PLACEHOLDER_SERIES
2023-04-30,5Y,1.99,ASSUMPTION_PLACEHOLDER_SERIES
2023-04-30,7Y,2.18,ASSUMPTION_PLACEHOLDER_SERIES
2023-04-30,10Y,2.44,ASSUMPTION_PLACEHOLDER_SERIES
2023-04-30,15Y,2.72,ASSUMPTION_PLACEHOLDER_SERIES
2023-05-31,1Y,1.28,ASSUMPTION_PLACEHOLDER_SERIES
2023-05-31,2Y,1.52,ASSUMPTION_PLACEHOLDER_SERIES
2023-05-31,3Y,1.61,ASSUMPTION_PLACEHOLDER_SERIES
2023-05-31,5Y,1.96,ASSUMPTION_PLACEHOLDER_SERIES
2023-05-31,7Y,2.05,ASSUMPTION_PLACEHOLDER_SERIES
2023-05-31,10Y,2.38,ASSUMPTION_PLACEHOLDER_SERIES
2023-05-31,15Y,2.6,ASSUMPTION_PLACEHOLDER_SERIES
2023-06-30,1Y,0.83,ASSUMPTION_PLACEHOLDER_SERIES
2023-06-30,2Y,1.14,ASSUMPTION_PLACEHOLDER_SERIES
2023-06-30,3Y,1.37,ASSUMPTION_PLACEHOLDER_SERIES
2023-06-30,5Y,1.69,ASSUMPTION_PLACEHOLDER_SERIES
2023-06-30,7Y,1.83,ASSUMPTION_PLACEHOLDER_SERIES
2023-06-30,10Y,2.06,ASSUMPTION_PLACEHOLDER_SERIES
2023-06-30,15Y,2.4,ASSUMPTION_PLACEHOLDER_SERIES
2023-07-31,1Y,1.67,ASSUMPTION_PLACEHOLDER_SERIES
2023-07-31,2Y,1.83,ASSUMPTION_PLACEHOLDER_SERIES
2023-07-31,3Y,2.11,ASSUMPTION_PLACEHOLDER_SERIES
2023-07-31,5Y,2.3,ASSUMPTION_PLACEHOLDER_SERIES
2023-07-31,7Y,2.53,ASSUMPTION_PLACEHOLDER_SERIES
2023-07-31,10Y,2.81,ASSUMPTION_PLACEHOLDER_SERIES
2023-07-31,15Y,3.08,ASSUMPTION_PLACEHOLDER_SERIES
2023-08-31,1Y,1.47,ASSUMPTION_PLACEHOLDER_SERIES
2023-08-31,2Y,1.59,ASSUMPTION_PLACEHOLDER_SERIES
2023-08-31,3Y,1.91,ASSUMPTION_PLACEHOLDER_SERIES
2023-08-31,5Y,2.15,ASSUMPTION_PLACEHOLDER_SERIES
2023-08-31,7Y,2.4,ASSUMPTION_PLACEHOLDER_SERIES
2023-08-31,10Y,2.6,ASSUMPTION_PLACEHOLDER_SERIES
2023-08-31,15Y,2.93,ASSUMPTION_PLACEHOLDER_SERIES
2023-09-30,1Y,1.29,ASSUMPTION_PLACEHOLDER_SERIES
2023-09-30,2Y,1.48,ASSUMPTION_PLACEHOLDER_SERIES
2023-09-30,3Y,1.57,ASSUMPTION_PLACEHOLDER_SERIES
2023-09-30,5Y,2.02,ASSUMPTION_PLACEHOLDER_SERIES
2023-09-30,7Y,2.2,ASSUMPTION_PLACEHOLDER_SERIES
2023-09-30,10Y,2.4,ASSUMPTION_PLACEHOLDER_SERIES
2023-09-30,15Y,2.72,ASSUMPTION_PLACEHOLDER_SERIES
2023-10-31,1Y,1.75,ASSUMPTION_PLACEHOLDER_SERIES
2023-10-31,2Y,1.91,ASSUMPTION_PLACEHOLDER_SERIES
2023-10-31,3Y,2.12,ASSUMPTION_PLACEHOLDER_SERIES
2023-10-31,5Y,2.45,ASSUMPTION_PLACEHOLDER_SERIES
2023-10-31,7Y,2.64,ASSUMPTION_PLACEHOLDER_SERIES
2023-10-31,10Y,2.88,ASSUMPTION_PLACEHOLDER_SERIES
2023-10-31,15Y,3.06,ASSUMPTION_PLACEHOLDER_SERIES
2023-11-30,1Y,1.68,ASSUMPTION_PLACEHOLDER_SERIES
2023-11-30,2Y,1.84,ASSUMPTION_PLACEHOLDER_SERIES
2023-11-30,3Y,1.95,ASSUMPTION_PLACEHOLDER_SERIES
2023-11-30,5Y,2.33,ASSUMPTION_PLACEHOLDER_SERIES
2023-11-30,7Y,2.58,ASSUMPTION_PLACEHOLDER_SERIES
2023-11-30,10Y,2.78,ASSUMPTION_PLACEHOLDER_SERIES
2023-11-30,15Y,3.13,ASSUMPTION_PLACEHOLDER_SERIES
2023-12-31,1Y,1.07,ASSUMPTION_PLACEHOLDER_SERIES
2023-12-31,2Y,1.26,ASSUMPTION_PLACEHOLDER_SERIES
2023-12-31,3Y,1.45,ASSUMPTION_PLACEHOLDER_SERIES
2023-12-31,5Y,1.67,ASSUMPTION_PLACEHOLDER_SERIES
2023-12-31,7Y,1.96,ASSUMPTION_PLACEHOLDER_SERIES
2023-12-31,10Y,2.16,ASSUMPTION_PLACEHOLDER_SERIES
2023-12-31,15Y,2.48,ASSUMPTION_PLACEHOLDER_SERIES
2024-01-31,1Y,1.77,ASSUMPTION_PLACEHOLDER_SERIES
2024-01-31,2Y,1.9,ASSUMPTION_PLACEHOLDER_SERIES
2024-01-31,3Y,2.07,ASSUMPTION_PLACEHOLDER_SERIES
2024-01-31,5Y,2.49,ASSUMPTION_PLACEHOLDER_SERIES
2024-01-31,7Y,2.7,ASSUMPTION_PLACEHOLDER_SERIES
2024-01-31,10Y,2.85,ASSUMPTION_PLACEHOLDER_SERIES
2024-01-31,15Y,3.2,ASSUMPTION_PLACEHOLDER_SERIES
2024-02-29,1Y,1.1,ASSUMPTION_PLACEHOLDER_SERIES
2024-02-29,2Y,1.2,ASSUMPTION_PLACEHOLDER_SERIES
2024-02-29,3Y,1.5,ASSUMPTION_PLACEHOLDER_SERIES
2024-02-29,5Y,1.77,ASSUMPTION_PLACEHOLDER_SERIES
2024-02-29,7Y,1.99,ASSUMPTION_PLACEHOLDER_SERIES
2024-02-29,10Y,2.21,ASSUMPTION_PLACEHOLDER_SERIES
2024-02-29,15Y,2.5,ASSUMPTION_PLACEHOLDER_SERIES
2024-03-31,1Y,1.63,ASSUMPTION_PLACEHOLDER_SERIES
2024-03-31,2Y,1.85,ASSUMPTION_PLACEHOLDER_SERIES
2024-03-31,3Y,2.1,ASSUMPTION_PLACEHOLDER_SERIES
2024-03-31,5Y,2.33,ASSUMPTION_PLACEHOLDER_SERIES
2024-03-31,7Y,2.58,ASSUMPTION_PLACEHOLDER_SERIES
2024-03-31,10Y,2.82,ASSUMPTION_PLACEHOLDER_SERIES
2024-03-31,15Y,3.02,ASSUMPTION_PLACEHOLDER_SERIES
2024-04-30,1Y,1.35,ASSUMPTION_PLACEHOLDER_SERIES
2024-04-30,2Y,1.6,ASSUMPTION_PLACEHOLDER_SERIES
2024-04-30,3Y,1.7,ASSUMPTION_PLACEHOLDER_SERIES
2024-04-30,5Y,1.98,ASSUMPTION_PLACEHOLDER_SERIES
2024-04-30,7Y,2.24,ASSUMPTION_PLACEHOLDER_SERIES
2024-04-30,10Y,2.53,ASSUMPTION_PLACEHOLDER_SERIES
2024-04-30,15Y,2.94,ASSUMPTION_PLACEHOLDER_SERIES
2024-05-31,1Y,1.5,ASSUMPTION_PLACEHOLDER_SERIES
2024-05-31,2Y,1.71,ASSUMPTION_PLACEHOLDER_SERIES
2024-05-31,3Y,2.05,ASSUMPTION_PLACEHOLDER_SERIES
2024-05-31,5Y,2.17,ASSUMPTION_PLACEHOLDER_SERIES
2024-05-31,7Y,2.41,ASSUMPTION_PLACEHOLDER_SERIES
2024-05-31,10Y,2.68,ASSUMPTION_PLACEHOLDER_SERIES
2024-05-31,15Y,2.98,ASSUMPTION_PLACEHOLDER_SERIES
2024-06-30,1Y,1.67,ASSUMPTION_PLACEHOLDER_SERIES
2024-06-30,2Y,1.9,ASSUMPTION_PLACEHOLDER_SERIES
2024-06-30,3Y,2.09,ASSUMPTION_PLACEHOLDER_SERIES
2024-06-30,5Y,2.43,ASSUMPTION_PLACEHOLDER_SERIES
2024-06-30,7Y,2.57,ASSUMPTION_PLACEHOLDER_SERIES
2024-06-30,10Y,2.83,ASSUMPTION_PLACEHOLDER_SERIES
2024-06-30,15Y,3.08,ASSUMPTION_PLACEHOLDER_SERIES
2024-07-31,1Y,1.82,ASSUMPTION_PLACEHOLDER_SERIES
2024-07-31,2Y,1.99,ASSUMPTION_PLACEHOLDER_SERIES
2024-07-31,3Y,2.3,ASSUMPTION_PLACEHOLDER_SERIES
2024-07-31,5Y,2.45,ASSUMPTION_PLACEHOLDER_SERIES
2024-07-31,7Y,2.69,ASSUMPTION_PLACEHOLDER_SERIES
2024-07-31,10Y,2.95,ASSUMPTION_PLACEHOLDER_SERIES
2024-07-31,15Y,3.25,ASSUMPTION_PLACEHOLDER_SERIES
2024-08-31,1Y,1.36,ASSUMPTION_PLACEHOLDER_SERIES
2024-08-31,2Y,1.59,ASSUMPTION_PLACEHOLDER_SERIES
2024-08-31,3Y,1.81,ASSUMPTION_PLACEHOLDER_SERIES
2024-08-31,5Y,2.18,ASSUMPTION_PLACEHOLDER_SERIES
2024-08-31,7Y,2.34,ASSUMPTION_PLACEHOLDER_SERIES
2024-08-31,10Y,2.61,ASSUMPTION_PLACEHOLDER_SERIES
2024-08-31,15Y,2.94,ASSUMPTION_PLACEHOLDER_SERIES
2024-09-30,1Y,1.71,ASSUMPTION_PLACEHOLDER_SERIES
2024-09-30,2Y,1.88,ASSUMPTION_PLACEHOLDER_SERIES
2024-09-30,3Y,1.95,ASSUMPTION_PLACEHOLDER_SERIES
2024-09-30,5Y,2.32,ASSUMPTION_PLACEHOLDER_SERIES
2024-09-30,7Y,2.56,ASSUMPTION_PLACEHOLDER_SERIES
2024-09-30,10Y,2.75,ASSUMPTION_PLACEHOLDER_SERIES
2024-09-30,15Y,3.07,ASSUMPTION_PLACEHOLDER_SERIES
2024-10-31,1Y,1.28,ASSUMPTION_PLACEHOLDER_SERIES
2024-10-31,2Y,1.53,ASSUMPTION_PLACEHOLDER_SERIES
2024-10-31,3Y,1.62,ASSUMPTION_PLACEHOLDER_SERIES
2024-10-31,5Y,1.93,ASSUMPTION_PLACEHOLDER_SERIES
2024-10-31,7Y,2.13,ASSUMPTION_PLACEHOLDER_SERIES
2024-10-31,10Y,2.41,ASSUMPTION_PLACEHOLDER_SERIES
2024-10-31,15Y,2.73,ASSUMPTION_PLACEHOLDER_SERIES
2024-11-30,1Y,1.63,ASSUMPTION_PLACEHOLDER_SERIES
2024-11-30,2Y,1.77,ASSUMPTION_PLACEHOLDER_SERIES
2024-11-30,3Y,1.98,ASSUMPTION_PLACEHOLDER_SERIES
2024-11-30,5Y,2.25,ASSUMPTION_PLACEHOLDER_SERIES
2024-11-30,7Y,2.51,ASSUMPTION_PLACEHOLDER_SERIES
2024-11-30,10Y,2.75,ASSUMPTION_PLACEHOLDER_SERIES
2024-11-30,15Y,3.08,ASSUMPTION_PLACEHOLDER_SERIES
2024-12-31,1Y,1.53,ASSUMPTION_PLACEHOLDER_SERIES
2024-12-31,2Y,1.75,ASSUMPTION_PLACEHOLDER_SERIES
2024-12-31,3Y,1.9,ASSUMPTION_PLACEHOLDER_SERIES
2024-12-31,5Y,2.24,ASSUMPTION_PLACEHOLDER_SERIES
2024-12-31,7Y,2.52,ASSUMPTION_PLACEHOLDER_SERIES
2024-12-31,10Y,2.69,ASSUMPTION_PLACEHOLDER_SERIES
2024-12-31,15Y,3.13,ASSUMPTION_PLACEHOLDER_SERIES
2025-01-31,1Y,2.25,ASSUMPTION_PLACEHOLDER_SERIES
2025-01-31,2Y,2.53,ASSUMPTION_PLACEHOLDER_SERIES
2025-01-31,3Y,2.82,ASSUMPTION_PLACEHOLDER_SERIES
2025-01-31,5Y,2.97,ASSUMPTION_PLACEHOLDER_SERIES
2025-01-31,7Y,3.22,ASSUMPTION_PLACEHOLDER_SERIES
2025-01-31,10Y,3.45,ASSUMPTION_PLACEHOLDER_SERIES
2025-01-31,15Y,3.72,ASSUMPTION_PLACEHOLDER_SERIES
2025-02-28,1Y,2.6,ASSUMPTION_PLACEHOLDER_SERIES
2025-02-28,2Y,2.94,ASSUMPTION_PLACEHOLDER_SERIES
2025-02-28,3Y,3.14,ASSUMPTION_PLACEHOLDER_SERIES
2025-02-28,5Y,3.34,ASSUMPTION_PLACEHOLDER_SERIES
2025-02-28,7Y,3.51,ASSUMPTION_PLACEHOLDER_SERIES
2025-02-28,10Y,3.77,ASSUMPTION_PLACEHOLDER_SERIES
2025-02-28,15Y,4.1,ASSUMPTION_PLACEHOLDER_SERIES
2025-03-31,1Y,2.2,ASSUMPTION_PLACEHOLDER_SERIES
2025-03-31,2Y,2.31,ASSUMPTION_PLACEHOLDER_SERIES
2025-03-31,3Y,2.57,ASSUMPTION_PLACEHOLDER_SERIES
2025-03-31,5Y,2.87,ASSUMPTION_PLACEHOLDER_SERIES
2025-03-31,7Y,2.97,ASSUMPTION_PLACEHOLDER_SERIES
2025-03-31,10Y,3.27,ASSUMPTION_PLACEHOLDER_SERIES
2025-03-31,15Y,3.59,ASSUMPTION_PLACEHOLDER_SERIES
2025-04-30,1Y,1.87,ASSUMPTION_PLACEHOLDER_SERIES
2025-04-30,2Y,2.01,ASSUMPTION_PLACEHOLDER_SERIES
2025-04-30,3Y,2.34,ASSUMPTION_PLACEHOLDER_SERIES
2025-04-30,5Y,2.67,ASSUMPTION_PLACEHOLDER_SERIES
2025-04-30,7Y,2.81,ASSUMPTION_PLACEHOLDER_SERIES
2025-04-30,10Y,3.01,ASSUMPTION_PLACEHOLDER_SERIES
2025-04-30,15Y,3.33,ASSUMPTION_PLACEHOLDER_SERIES
2025-05-31,1Y,2.66,ASSUMPTION_PLACEHOLDER_SERIES
2025-05-31,2Y,3.04,ASSUMPTION_PLACEHOLDER_SERIES
2025-05-31,3Y,3.13,ASSUMPTION_PLACEHOLDER_SERIES
2025-05-31,5Y,3.44,ASSUMPTION_PLACEHOLDER_SERIES
2025-05-31,7Y,3.67,ASSUMPTION_PLACEHOLDER_SERIES
2025-05-31,10Y,3.89,ASSUMPTION_PLACEHOLDER_SERIES
2025-05-31,15Y,4.24,ASSUMPTION_PLACEHOLDER_SERIES
2025-06-30,1Y,2.36,ASSUMPTION_PLACEHOLDER_SERIES
2025-06-30,2Y,2.5,ASSUMPTION_PLACEHOLDER_SERIES
2025-06-30,3Y,2.74,ASSUMPTION_PLACEHOLDER_SERIES
2025-06-30,5Y,3.02,ASSUMPTION_PLACEHOLDER_SERIES
2025-06-30,7Y,3.25,ASSUMPTION_PLACEHOLDER_SERIES
2025-06-30,10Y,3.47,ASSUMPTION_PLACEHOLDER_SERIES
2025-06-30,15Y,3.82,ASSUMPTION_PLACEHOLDER_SERIES
2025-07-31,1Y,2.57,ASSUMPTION_PLACEHOLDER_SERIES
2025-07-31,2Y,2.81,ASSUMPTION_PLACEHOLDER_SERIES
2025-07-31,3Y,2.92,ASSUMPTION_PLACEHOLDER_SERIES
2025-07-31,5Y,3.22,ASSUMPTION_PLACEHOLDER_SERIES
2025-07-31,7Y,3.56,ASSUMPTION_PLACEHOLDER_SERIES
2025-07-31,10Y,3.71,ASSUMPTION_PLACEHOLDER_SERIES
2025-07-31,15Y,3.93,ASSUMPTION_PLACEHOLDER_SERIES
2025-08-31,1Y,2.4,ASSUMPTION_PLACEHOLDER_SERIES
2025-08-31,2Y,2.62,ASSUMPTION_PLACEHOLDER_SERIES
2025-08-31,3Y,2.91,ASSUMPTION_PLACEHOLDER_SERIES
2025-08-31,5Y,3.23,ASSUMPTION_PLACEHOLDER_SERIES
2025-08-31,7Y,3.41,ASSUMPTION_PLACEHOLDER_SERIES
2025-08-31,10Y,3.61,ASSUMPTION_PLACEHOLDER_SERIES
2025-08-31,15Y,3.88,ASSUMPTION_PLACEHOLDER_SERIES
2025-09-30,1Y,2.81,ASSUMPTION_PLACEHOLDER_SERIES
2025-09-30,2Y,3.04,ASSUMPTION_PLACEHOLDER_SERIES
2025-09-30,3Y,3.38,ASSUMPTION_PLACEHOLDER_SERIES
2025-09-30,5Y,3.56,ASSUMPTION_PLACEHOLDER_SERIES
2025-09-30,7Y,3.8,ASSUMPTION_PLACEHOLDER_SERIES
2025-09-30,10Y,4.03,ASSUMPTION_PLACEHOLDER_SERIES
2025-09-30,15Y,4.41,ASSUMPTION_PLACEHOLDER_SERIES
2025-10-31,1Y,2.33,ASSUMPTION_PLACEHOLDER_SERIES
2025-10-31,2Y,2.52,ASSUMPTION_PLACEHOLDER_SERIES
2025-10-31,3Y,2.69,ASSUMPTION_PLACEHOLDER_SERIES
2025-10-31,5Y,3.02,ASSUMPTION_PLACEHOLDER_SERIES
2025-10-31,7Y,3.15,ASSUMPTION_PLACEHOLDER_SERIES
2025-10-31,10Y,3.48,ASSUMPTION_PLACEHOLDER_SERIES
2025-10-31,15Y,3.72,ASSUMPTION_PLACEHOLDER_SERIES
2025-11-30,1Y,2.58,ASSUMPTION_PLACEHOLDER_SERIES
2025-11-30,2Y,2.74,ASSUMPTION_PLACEHOLDER_SERIES
2025-11-30,3Y,2.99,ASSUMPTION_PLACEHOLDER_SERIES
2025-11-30,5Y,3.21,ASSUMPTION_PLACEHOLDER_SERIES
2025-11-30,7Y,3.46,ASSUMPTION_PLACEHOLDER_SERIES
2025-11-30,10Y,3.66,ASSUMPTION_PLACEHOLDER_SERIES
2025-11-30,15Y,3.98,ASSUMPTION_PLACEHOLDER_SERIES
2025-12-31,1Y,2.2,ASSUMPTION_PLACEHOLDER_SERIES
2025-12-31,2Y,2.33,ASSUMPTION_PLACEHOLDER_SERIES
2025-12-31,3Y,2.48,ASSUMPTION_PLACEHOLDER_SERIES
2025-12-31,5Y,2.82,ASSUMPTION_PLACEHOLDER_SERIES
2025-12-31,7Y,3.14,ASSUMPTION_PLACEHOLDER_SERIES
2025-12-31,10Y,3.32,ASSUMPTION_PLACEHOLDER_SERIES
2025-12-31,15Y,3.6,ASSUMPTION_PLACEHOLDER_SERIES
2026-01-31,1Y,3.18,ASSUMPTION_PLACEHOLDER_SERIES
2026-01-31,2Y,3.34,ASSUMPTION_PLACEHOLDER_SERIES
2026-01-31,3Y,3.5,ASSUMPTION_PLACEHOLDER_SERIES
2026-01-31,5Y,3.82,ASSUMPTION_PLACEHOLDER_SERIES
2026-01-31,7Y,4.03,ASSUMPTION_PLACEHOLDER_SERIES
2026-01-31,10Y,4.27,ASSUMPTION_PLACEHOLDER_SERIES
2026-01-31,15Y,4.55,ASSUMPTION_PLACEHOLDER_SERIES
2026-02-28,1Y,3.14,ASSUMPTION_PLACEHOLDER_SERIES
2026-02-28,2Y,3.31,ASSUMPTION_PLACEHOLDER_SERIES
2026-02-28,3Y,3.45,ASSUMPTION_PLACEHOLDER_SERIES
2026-02-28,5Y,3.76,ASSUMPTION_PLACEHOLDER_SERIES
2026-02-28,7Y,4.0,ASSUMPTION_PLACEHOLDER_SERIES
2026-02-28,10Y,4.25,ASSUMPTION_PLACEHOLDER_SERIES
2026-02-28,15Y,4.53,ASSUMPTION_PLACEHOLDER_SERIES
2026-03-31,1Y,3.16,ASSUMPTION_PLACEHOLDER_SERIES
2026-03-31,2Y,3.2,ASSUMPTION_PLACEHOLDER_SERIES
2026-03-31,3Y,3.41,ASSUMPTION_PLACEHOLDER_SERIES
2026-03-31,5Y,3.68,ASSUMPTION_PLACEHOLDER_SERIES
2026-03-31,7Y,3.95,ASSUMPTION_PLACEHOLDER_SERIES
2026-03-31,10Y,4.16,ASSUMPTION_PLACEHOLDER_SERIES
2026-03-31,15Y,4.44,ASSUMPTION_PLACEHOLDER_SERIES
2026-04-30,1Y,3.02,ASSUMPTION_PLACEHOLDER_SERIES
2026-04-30,2Y,3.14,ASSUMPTION_PLACEHOLDER_SERIES
2026-04-30,3Y,3.41,ASSUMPTION_PLACEHOLDER_SERIES
2026-04-30,5Y,3.62,ASSUMPTION_PLACEHOLDER_SERIES
2026-04-30,7Y,3.86,ASSUMPTION_PLACEHOLDER_SERIES
2026-04-30,10Y,4.11,ASSUMPTION_PLACEHOLDER_SERIES
2026-04-30,15Y,4.36,ASSUMPTION_PLACEHOLDER_SERIES
2026-05-31,1Y,3.45,ASSUMPTION_PLACEHOLDER_SERIES
2026-05-31,2Y,3.68,ASSUMPTION_PLACEHOLDER_SERIES
2026-05-31,3Y,3.83,ASSUMPTION_PLACEHOLDER_SERIES
2026-05-31,5Y,4.14,ASSUMPTION_PLACEHOLDER_SERIES
2026-05-31,7Y,4.3,ASSUMPTION_PLACEHOLDER_SERIES
2026-05-31,10Y,4.59,ASSUMPTION_PLACEHOLDER_SERIES
2026-05-31,15Y,4.91,ASSUMPTION_PLACEHOLDER_SERIES
2026-06-30,1Y,3.43,ASSUMPTION_PLACEHOLDER_SERIES
2026-06-30,2Y,3.6,ASSUMPTION_PLACEHOLDER_SERIES
2026-06-30,3Y,3.77,ASSUMPTION_PLACEHOLDER_SERIES
2026-06-30,5Y,4.07,ASSUMPTION_PLACEHOLDER_SERIES
2026-06-30,7Y,4.33,ASSUMPTION_PLACEHOLDER_SERIES
2026-06-30,10Y,4.53,ASSUMPTION_PLACEHOLDER_SERIES
2026-06-30,15Y,4.9,ASSUMPTION_PLACEHOLDER_SERIES
2026-07-31,1Y,2.99,ASSUMPTION_PLACEHOLDER_SERIES
2026-07-31,2Y,3.25,ASSUMPTION_PLACEHOLDER_SERIES
2026-07-31,3Y,3.43,ASSUMPTION_PLACEHOLDER_SERIES
2026-07-31,5Y,3.73,ASSUMPTION_PLACEHOLDER_SERIES
2026-07-31,7Y,3.98,ASSUMPTION_PLACEHOLDER_SERIES
2026-07-31,10Y,4.17,ASSUMPTION_PLACEHOLDER_SERIES
2026-07-31,15Y,4.48,ASSUMPTION_PLACEHOLDER_SERIES
2026-08-31,1Y,3.04,ASSUMPTION_PLACEHOLDER_SERIES
2026-08-31,2Y,3.3,ASSUMPTION_PLACEHOLDER_SERIES
2026-08-31,3Y,3.52,ASSUMPTION_PLACEHOLDER_SERIES
2026-08-31,5Y,3.71,ASSUMPTION_PLACEHOLDER_SERIES
2026-08-31,7Y,4.01,ASSUMPTION_PLACEHOLDER_SERIES
2026-08-31,10Y,4.21,ASSUMPTION_PLACEHOLDER_SERIES
2026-08-31,15Y,4.61,ASSUMPTION_PLACEHOLDER_SERIES
2026-09-30,1Y,3.03,ASSUMPTION_PLACEHOLDER_SERIES
2026-09-30,2Y,3.07,ASSUMPTION_PLACEHOLDER_SERIES
2026-09-30,3Y,3.38,ASSUMPTION_PLACEHOLDER_SERIES
2026-09-30,5Y,3.63,ASSUMPTION_PLACEHOLDER_SERIES
2026-09-30,7Y,3.85,ASSUMPTION_PLACEHOLDER_SERIES
2026-09-30,10Y,4.05,ASSUMPTION_PLACEHOLDER_SERIES
2026-09-30,15Y,4.34,ASSUMPTION_PLACEHOLDER_SERIES
2026-10-31,1Y,2.85,ASSUMPTION_PLACEHOLDER_SERIES
2026-10-31,2Y,3.07,ASSUMPTION_PLACEHOLDER_SERIES
2026-10-31,3Y,3.31,ASSUMPTION_PLACEHOLDER_SERIES
2026-10-31,5Y,3.47,ASSUMPTION_PLACEHOLDER_SERIES
2026-10-31,7Y,3.77,ASSUMPTION_PLACEHOLDER_SERIES
2026-10-31,10Y,4.0,ASSUMPTION_PLACEHOLDER_SERIES
2026-10-31,15Y,4.25,ASSUMPTION_PLACEHOLDER_SERIES
2026-11-30,1Y,3.42,ASSUMPTION_PLACEHOLDER_SERIES
2026-11-30,2Y,3.46,ASSUMPTION_PLACEHOLDER_SERIES
2026-11-30,3Y,3.76,ASSUMPTION_PLACEHOLDER_SERIES
2026-11-30,5Y,4.1,ASSUMPTION_PLACEHOLDER_SERIES
2026-11-30,7Y,4.34,ASSUMPTION_PLACEHOLDER_SERIES
2026-11-30,10Y,4.51,ASSUMPTION_PLACEHOLDER_SERIES
2026-11-30,15Y,4.78,ASSUMPTION_PLACEHOLDER_SERIES
2026-12-31,1Y,3.31,ASSUMPTION_PLACEHOLDER_SERIES
2026-12-31,2Y,3.6,ASSUMPTION_PLACEHOLDER_SERIES
2026-12-31,3Y,3.72,ASSUMPTION_PLACEHOLDER_SERIES
2026-12-31,5Y,4.0,ASSUMPTION_PLACEHOLDER_SERIES
2026-12-31,7Y,4.37,ASSUMPTION_PLACEHOLDER_SERIES
2026-12-31,10Y,4.5,ASSUMPTION_PLACEHOLDER_SERIES
2026-12-31,15Y,4.82,ASSUMPTION_PLACEHOLDER_SERIES
